dir_name,package_name,on_pypi,latest_version,local_version,last_publish,downloads_30d,downloads_7d,importable,framework,num_tools,tools_with_desc,pct_tools_desc,readme_words,has_tests,osi_license,has_server_json,transport_stdio,transport_http,rev_payg,rev_stripe,rev_attestation,glama,mcp_so,smithery,anthropic_registry,score_total,distance_to_100,flagship_candidate,cat_readme,cat_tool_design,cat_examples,cat_tests_ci,cat_transports,cat_metadata,cat_reliability,cat_security,cat_docs_surface,cat_provenance
eu-ai-act-compliance-mcp,eu-ai-act-compliance-mcp,True,1.8.2,1.8.2,2026-06-03T17:25:35.838374Z,2726,823,True,fastmcp,16,16,100,467,True,True,True,True,False,True,True,True,False,True,False,True,80.0,20.0,True,8.0,10.0,0.0,10.0,5.0,10.0,10.0,10.0,7.0,10.0
dora-compliance-mcp,dora-compliance-mcp,True,1.4.3,1.4.3,2026-06-03T17:26:26.569294Z,2410,813,True,fastmcp,10,10,100,402,True,True,True,True,False,True,True,True,False,True,False,True,78.0,22.0,True,8.0,10.0,0.0,10.0,5.0,10.0,10.0,10.0,5.0,10.0
ai-bom-mcp,ai-bom-mcp,True,1.2.12,1.2.12,2026-06-03T16:09:53.532981Z,1829,430,True,fastmcp,4,4,100,295,True,True,True,True,False,False,True,False,False,True,False,True,70.0,30.0,True,6.0,10.0,0.0,10.0,5.0,10.0,10.0,10.0,5.0,4.0
bias-detection-mcp,bias-detection-mcp,True,1.1.5,1.1.5,2026-06-03T07:49:18.479099Z,1752,291,True,fastmcp,5,5,100,1093,True,True,True,True,False,False,True,False,False,True,False,True,78.0,22.0,True,10.0,10.0,4.0,10.0,5.0,10.0,10.0,10.0,5.0,4.0
meok-governance-engine-mcp,meok-governance-engine-mcp,True,1.0.16,1.0.16,2026-06-03T16:15:45.960223Z,1735,701,True,fastmcp,6,6,100,383,True,True,True,True,False,False,True,False,False,True,False,True,75.0,25.0,True,8.0,10.0,4.0,10.0,5.0,9.0,10.0,10.0,5.0,4.0
cra-compliance-mcp,cra-compliance-mcp,True,1.3.3,1.3.3,2026-06-03T17:26:41.804440Z,1713,773,True,fastmcp,7,7,100,409,True,True,True,True,False,False,True,True,False,True,False,True,76.0,24.0,True,8.0,10.0,0.0,10.0,5.0,10.0,10.0,10.0,5.0,8.0
nis2-compliance-mcp,nis2-compliance-mcp,True,1.3.1,1.3.1,2026-06-03T16:05:52.191682Z,1710,449,True,fastmcp,7,7,100,401,True,True,True,True,False,False,True,False,False,True,False,True,72.0,28.0,True,8.0,10.0,0.0,10.0,5.0,10.0,10.0,10.0,5.0,4.0
gdpr-compliance-ai-mcp,gdpr-compliance-ai-mcp,True,1.1.4,1.1.4,2026-06-03T17:27:14.462336Z,1667,944,True,fastmcp,6,6,100,445,True,True,True,True,False,False,True,False,False,True,False,True,68.0,32.0,True,8.0,10.0,0.0,10.0,5.0,8.0,10.0,10.0,3.0,4.0
llm-compliance-comparison-mcp,llm-compliance-comparison-mcp,True,1.0.10,1.0.10,2026-06-03T12:17:57.228962Z,1598,724,True,fastmcp,5,5,100,372,True,True,True,True,False,False,True,False,False,True,False,True,75.0,25.0,True,8.0,10.0,4.0,10.0,5.0,9.0,10.0,10.0,5.0,4.0
iso-42001-ai-mcp,iso-42001-ai-mcp,True,1.1.3,1.1.3,2026-06-03T17:27:43.804760Z,1589,860,True,fastmcp,10,10,100,441,True,True,True,True,False,False,False,False,False,True,False,True,66.0,34.0,True,8.0,10.0,0.0,10.0,5.0,8.0,10.0,10.0,3.0,2.0
patient-safety-ai-mcp,patient-safety-ai-mcp,True,1.0.10,1.0.10,2026-06-03T13:44:35.320805Z,1579,651,True,fastmcp,5,5,100,373,True,True,True,True,False,False,False,False,False,True,False,True,72.0,28.0,True,8.0,10.0,4.0,10.0,5.0,9.0,10.0,10.0,5.0,1.0
meok-cra-annex-iv-classifier-mcp,meok-cra-annex-iv-classifier-mcp,True,1.1.5,1.1.5,2026-06-03T07:36:25.744494Z,1544,361,True,fastmcp,4,4,100,585,True,True,False,True,False,False,True,True,False,True,False,True,59.0,41.0,True,8.0,10.0,0.0,6.0,5.0,6.0,10.0,6.0,2.0,6.0
healthcare-ai-governance-mcp,healthcare-ai-governance-mcp,True,1.0.10,1.0.10,2026-06-03T12:21:02.870600Z,1532,649,True,fastmcp,5,5,100,428,True,True,True,True,False,False,False,False,False,True,False,True,74.0,26.0,True,10.0,10.0,4.0,10.0,5.0,9.0,10.0,10.0,5.0,1.0
encoder-ai-mcp,encoder-ai-mcp,True,1.0.7,1.0.7,2026-05-28T05:04:25.183064Z,1530,230,True,fastmcp,5,5,100,334,True,True,True,True,False,False,True,False,False,True,False,True,74.0,26.0,True,8.0,10.0,4.0,10.0,5.0,9.0,10.0,10.0,5.0,3.0
deepfake-detector-mcp,deepfake-detector-mcp,True,1.0.10,1.0.10,2026-06-03T12:24:06.864737Z,1491,584,True,fastmcp,4,4,100,344,True,True,True,True,False,False,False,False,False,True,False,True,72.0,28.0,True,8.0,10.0,4.0,10.0,5.0,9.0,10.0,10.0,5.0,1.0
meok-watermark-attest-mcp,meok-watermark-attest-mcp,True,1.3.7,1.3.7,2026-06-03T12:25:16.651336Z,1424,486,True,fastmcp,9,9,100,626,True,True,False,True,False,False,True,True,False,True,False,True,60.0,40.0,True,8.0,10.0,0.0,6.0,5.0,6.0,10.0,6.0,2.0,7.0
a2a-governance-bridge-mcp,a2a-governance-bridge-mcp,True,1.1.7,1.1.7,2026-06-03T12:19:16.385187Z,1387,539,True,fastmcp,5,5,100,757,True,True,True,True,False,False,False,False,False,True,False,True,75.0,25.0,True,10.0,10.0,4.0,10.0,5.0,10.0,10.0,10.0,5.0,1.0
clipboard-ai-mcp,clipboard-ai-mcp,True,1.0.6,1.0.6,2026-05-28T04:59:26.092106Z,1365,212,True,fastmcp,4,4,100,353,True,True,True,True,False,False,False,False,False,True,False,True,72.0,28.0,True,8.0,10.0,4.0,10.0,5.0,9.0,10.0,10.0,5.0,1.0
csrd-compliance-mcp,csrd-compliance-mcp,True,1.3.3,1.3.3,2026-06-03T17:26:59.941681Z,1362,625,True,fastmcp,6,6,100,408,False,True,True,True,False,False,True,True,False,True,False,True,66.0,34.0,True,8.0,10.0,0.0,4.0,5.0,8.0,10.0,10.0,3.0,8.0
security-scanner-ai-mcp,security-scanner-ai-mcp,True,1.0.10,1.0.10,2026-06-03T12:22:19.869812Z,1359,657,True,fastmcp,5,5,100,355,True,True,True,True,False,False,True,False,False,True,False,True,74.0,26.0,True,8.0,10.0,4.0,10.0,5.0,9.0,10.0,10.0,5.0,3.0
canada-aida-ai-mcp,canada-aida-ai-mcp,True,1.0.10,1.0.10,2026-06-03T12:33:11.955194Z,1311,541,True,fastmcp,5,5,100,595,True,True,True,True,False,False,True,False,False,True,False,True,76.0,24.0,True,10.0,10.0,4.0,10.0,5.0,9.0,10.0,10.0,5.0,3.0
scam-detector-mcp,scam-detector-mcp,True,1.0.9,1.0.9,2026-06-03T07:37:52.940771Z,1310,427,True,fastmcp,5,5,100,366,True,True,True,True,False,False,False,False,False,True,False,True,72.0,28.0,True,8.0,10.0,4.0,10.0,5.0,9.0,10.0,10.0,5.0,1.0
sentiment-analysis-ai-mcp,sentiment-analysis-ai-mcp,True,1.0.6,1.0.6,2026-05-28T05:18:58.863215Z,1272,285,True,fastmcp,4,4,100,359,True,True,True,True,False,False,False,False,False,True,False,True,72.0,28.0,True,8.0,10.0,4.0,10.0,5.0,9.0,10.0,10.0,5.0,1.0
nist-rmf-ai-mcp,nist-rmf-ai-mcp,True,1.0.11,1.0.11,2026-06-03T08:17:00.575749Z,1259,544,True,fastmcp,10,10,100,444,True,True,True,True,False,False,True,False,False,True,False,True,77.0,23.0,True,10.0,10.0,4.0,10.0,5.0,9.0,10.0,10.0,5.0,4.0
dataprivacy-ai-mcp,dataprivacy-ai-mcp,True,1.0.10,1.0.10,2026-06-03T08:15:45.459608Z,1259,543,True,fastmcp,6,6,100,410,True,True,True,True,False,False,False,False,False,True,False,True,75.0,25.0,True,10.0,10.0,4.0,10.0,5.0,9.0,10.0,10.0,5.0,2.0
risk-assessment-ai-mcp,risk-assessment-ai-mcp,True,1.0.10,1.0.10,2026-06-03T12:22:55.398075Z,1259,555,True,fastmcp,12,12,100,387,True,True,True,True,False,False,False,False,False,True,False,True,72.0,28.0,True,8.0,10.0,4.0,10.0,5.0,9.0,10.0,10.0,5.0,1.0
keyword-extractor-ai-mcp,keyword-extractor-ai-mcp,True,1.0.7,1.0.7,2026-05-28T05:08:45.893614Z,1252,299,True,fastmcp,4,4,100,364,True,True,True,True,False,False,True,False,False,True,False,True,74.0,26.0,True,8.0,10.0,4.0,10.0,5.0,9.0,10.0,10.0,5.0,3.0
meok-mcp-injection-scan-mcp,meok-mcp-injection-scan-mcp,True,1.0.11,1.0.11,2026-06-03T13:36:11.231853Z,1251,468,True,fastmcp,5,5,100,747,True,True,False,True,False,False,True,True,False,True,False,True,60.0,40.0,True,8.0,10.0,0.0,6.0,5.0,6.0,10.0,6.0,2.0,7.0
drone-airspace-governance-mcp,drone-airspace-governance-mcp,True,1.0.10,1.0.10,2026-06-03T12:20:28.599926Z,1246,512,True,fastmcp,4,4,100,356,True,True,True,True,False,False,False,False,False,True,False,True,72.0,28.0,True,8.0,10.0,4.0,10.0,5.0,9.0,10.0,10.0,5.0,1.0
soc2-compliance-ai-mcp,soc2-compliance-ai-mcp,True,1.0.10,1.0.10,2026-06-03T08:15:05.635250Z,1211,524,True,fastmcp,6,6,100,343,True,True,True,True,False,False,True,False,False,True,False,True,80.0,20.0,True,8.0,10.0,10.0,10.0,5.0,9.0,10.0,10.0,5.0,3.0
iso-27001-ai-mcp,iso-27001-ai-mcp,True,1.0.10,1.0.10,2026-06-03T08:14:19.628274Z,1202,506,True,fastmcp,6,6,100,1030,True,True,True,True,False,False,True,True,,,,,86.0,14.0,True,10.0,10.0,10.0,10.0,5.0,9.0,10.0,10.0,5.0,7.0
image-metadata-ai-mcp,image-metadata-ai-mcp,True,1.0.6,1.0.6,2026-05-28T05:07:48.608378Z,1194,145,True,fastmcp,4,4,100,353,True,True,True,True,False,False,False,False,,,,,72.0,28.0,True,8.0,10.0,4.0,10.0,5.0,9.0,10.0,10.0,5.0,1.0
password-ai-mcp,password-ai-mcp,True,1.0.7,1.0.7,2026-05-28T05:15:20.283664Z,1189,285,True,fastmcp,4,4,100,341,True,True,True,True,False,False,True,False,,,,,74.0,26.0,True,8.0,10.0,4.0,10.0,5.0,9.0,10.0,10.0,5.0,3.0
csoai-governance-crosswalk-mcp,csoai-governance-crosswalk-mcp,True,1.0.10,1.0.10,2026-06-03T16:13:04.935632Z,1186,428,True,fastmcp,12,12,100,469,True,True,True,True,False,False,True,False,,,,,79.0,21.0,True,10.0,10.0,10.0,10.0,5.0,9.0,10.0,10.0,2.0,3.0
ai-self-audit-mcp,ai-self-audit-mcp,True,1.0.9,1.0.9,2026-06-03T12:23:31.664407Z,1168,425,True,fastmcp,5,5,100,590,True,True,True,True,False,False,True,False,,,,,76.0,24.0,True,10.0,10.0,4.0,10.0,5.0,9.0,10.0,10.0,5.0,3.0
regulatory-webhook-mcp,regulatory-webhook-mcp,True,1.0.10,1.0.10,2026-06-03T16:05:03.292289Z,1162,518,True,fastmcp,9,9,100,390,True,True,True,True,False,False,False,False,,,,,72.0,28.0,True,8.0,10.0,4.0,10.0,5.0,9.0,10.0,10.0,5.0,1.0
meok-omnibus-tracker-mcp,meok-omnibus-tracker-mcp,True,1.1.3,1.1.3,2026-06-03T07:39:19.727066Z,1129,255,False,fastmcp,0,0,0,586,True,True,False,True,False,False,True,False,,,,,42.0,58.0,True,10.0,0.0,4.0,6.0,5.0,6.0,3.0,3.0,2.0,3.0
explainability-report-mcp,explainability-report-mcp,True,1.0.9,1.0.9,2026-06-03T07:41:30.788777Z,1126,413,True,fastmcp,5,5,100,372,False,True,True,True,False,False,False,False,,,,,66.0,34.0,True,8.0,10.0,4.0,4.0,5.0,9.0,10.0,10.0,5.0,1.0
optometry-ai-safety-mcp,optometry-ai-safety-mcp,True,1.0.8,1.0.8,2026-06-03T13:43:24.394324Z,1105,330,True,fastmcp,4,4,100,364,True,True,True,True,False,False,False,False,,,,,72.0,28.0,True,8.0,10.0,4.0,10.0,5.0,9.0,10.0,10.0,5.0,1.0
clinical-trials-ai-mcp,clinical-trials-ai-mcp,True,1.0.6,1.0.6,2026-05-28T04:59:20.218940Z,1089,215,True,fastmcp,5,5,100,371,True,True,True,True,False,False,False,False,,,,,72.0,28.0,True,8.0,10.0,4.0,10.0,5.0,9.0,10.0,10.0,5.0,1.0
hipaa-compliance-mcp,hipaa-compliance-mcp,True,1.0.9,1.0.9,2026-06-03T08:11:34.086212Z,1061,321,True,fastmcp,7,7,100,355,True,True,True,True,False,False,False,False,,,,,78.0,22.0,True,8.0,10.0,10.0,10.0,5.0,9.0,10.0,10.0,5.0,1.0
healthcare-fhir-mcp,healthcare-fhir-mcp,True,1.0.5,1.0.5,2026-05-28T05:07:15.695279Z,1057,220,True,fastmcp,8,8,100,802,True,True,True,True,False,False,True,False,,,,,79.0,21.0,True,10.0,10.0,10.0,10.0,5.0,8.0,10.0,10.0,3.0,3.0
code-reviewer-ai-mcp,code-reviewer-ai-mcp,True,1.0.7,1.0.7,2026-05-28T04:59:46.560374Z,1027,120,True,fastmcp,5,5,100,368,True,True,True,True,False,False,True,False,,,,,74.0,26.0,True,8.0,10.0,4.0,10.0,5.0,9.0,10.0,10.0,5.0,3.0
readme-generator-ai-mcp,readme-generator-ai-mcp,True,1.0.7,1.0.7,2026-05-28T05:17:29.630242Z,1003,180,True,fastmcp,4,4,100,357,True,True,True,True,False,False,True,False,,,,,74.0,26.0,True,8.0,10.0,4.0,10.0,5.0,9.0,10.0,10.0,5.0,3.0
database-universal-mcp,database-universal-mcp,True,1.0.8,1.0.7,2026-06-03T07:58:55.017355Z,1003,220,False,fastmcp,0,0,0,367,True,True,True,True,False,False,True,False,,,,,54.0,46.0,True,8.0,0.0,4.0,10.0,5.0,9.0,3.0,7.0,5.0,3.0
dockerfile-generator-ai-mcp,dockerfile-generator-ai-mcp,True,1.0.7,1.0.7,2026-05-28T05:03:25.035258Z,992,162,True,fastmcp,4,4,100,362,True,True,True,True,False,False,True,False,,,,,74.0,26.0,True,8.0,10.0,4.0,10.0,5.0,9.0,10.0,10.0,5.0,3.0
meeting-summarizer-ai-mcp,meeting-summarizer-ai-mcp,True,1.0.6,1.0.6,2026-05-28T05:10:16.572094Z,986,185,True,fastmcp,4,4,100,356,True,True,True,True,False,False,False,False,,,,,68.0,32.0,True,8.0,10.0,4.0,10.0,5.0,9.0,10.0,10.0,2.0,0.0
meok-nis2-de-register-mcp,meok-nis2-de-register-mcp,True,1.0.9,1.0.9,2026-06-03T07:42:33.695002Z,983,217,True,fastmcp,4,4,100,531,True,True,False,True,False,False,True,True,,,,,60.0,40.0,True,8.0,10.0,0.0,6.0,5.0,6.0,10.0,6.0,2.0,7.0
rag-knowledge-graph-mcp,rag-knowledge-graph-mcp,True,1.0.6,1.0.6,2026-05-28T05:17:16.121434Z,975,127,True,fastmcp,5,5,100,362,True,True,True,True,False,False,False,False,,,,,72.0,28.0,True,8.0,10.0,4.0,10.0,5.0,9.0,10.0,10.0,5.0,1.0
ci-cd-generator-ai-mcp,ci-cd-generator-ai-mcp,True,1.0.7,1.0.7,2026-05-28T04:58:49.266366Z,972,167,True,fastmcp,4,4,100,585,True,True,True,True,False,False,True,False,,,,,76.0,24.0,True,10.0,10.0,4.0,10.0,5.0,9.0,10.0,10.0,5.0,3.0
photography-ai-mcp,photography-ai-mcp,True,1.0.6,1.0.6,2026-05-28T05:16:08.732862Z,971,108,True,fastmcp,5,5,100,360,True,True,True,True,False,False,False,False,,,,,72.0,28.0,True,8.0,10.0,4.0,10.0,5.0,9.0,10.0,10.0,5.0,1.0
health-check-ai-mcp,health-check-ai-mcp,True,1.0.6,1.0.6,2026-05-28T05:07:01.960188Z,970,157,True,fastmcp,4,4,100,362,True,True,True,True,False,False,False,False,,,,,72.0,28.0,True,8.0,10.0,4.0,10.0,5.0,9.0,10.0,10.0,5.0,1.0
api-docs-generator-ai-mcp,api-docs-generator-ai-mcp,True,1.0.7,1.0.7,2026-05-28T04:56:18.289218Z,969,166,True,fastmcp,5,5,100,599,True,True,True,True,False,False,True,False,,,,,76.0,24.0,True,10.0,10.0,4.0,10.0,5.0,9.0,10.0,10.0,5.0,3.0
plagiarism-checker-ai-mcp,plagiarism-checker-ai-mcp,True,1.0.7,1.0.7,2026-05-28T05:16:15.801930Z,959,129,True,fastmcp,4,4,100,354,True,True,True,True,False,False,True,False,,,,,74.0,26.0,True,8.0,10.0,4.0,10.0,5.0,9.0,10.0,10.0,5.0,3.0
personal-finance-ai-mcp,personal-finance-ai-mcp,True,1.0.6,1.0.6,2026-05-28T05:15:58.397375Z,955,102,True,fastmcp,5,5,100,374,True,True,True,True,False,False,False,False,,,,,72.0,28.0,True,8.0,10.0,4.0,10.0,5.0,9.0,10.0,10.0,5.0,1.0
pci-dss-mcp,pci-dss-mcp,True,1.0.8,1.0.8,2026-06-03T08:16:24.026396Z,949,307,True,fastmcp,5,5,100,358,True,True,True,True,False,False,False,True,,,,,76.0,24.0,True,8.0,10.0,4.0,10.0,5.0,9.0,10.0,10.0,5.0,5.0
code-executor-mcp,code-executor-mcp,True,1.0.7,1.0.7,2026-05-28T04:59:41.031015Z,949,129,True,fastmcp,7,7,100,432,True,True,True,True,False,False,True,False,,,,,74.0,26.0,True,10.0,10.0,4.0,10.0,5.0,9.0,10.0,10.0,4.0,2.0
sql-builder-ai-mcp,sql-builder-ai-mcp,True,1.0.6,1.0.6,2026-05-07T12:21:00.991305Z,945,105,True,fastmcp,4,4,100,278,True,True,True,True,False,False,False,False,,,,,63.0,37.0,True,6.0,10.0,0.0,10.0,5.0,8.0,10.0,10.0,3.0,1.0
focus-timer-ai-mcp,focus-timer-ai-mcp,True,1.0.7,1.0.7,2026-05-28T05:05:50.228774Z,937,102,True,fastmcp,8,8,100,368,True,True,True,True,False,False,True,False,,,,,70.0,30.0,True,8.0,10.0,4.0,10.0,5.0,9.0,10.0,10.0,2.0,2.0
regex-ai-mcp,regex-ai-mcp,True,1.0.7,1.0.7,2026-05-28T05:17:52.031513Z,933,113,True,fastmcp,4,4,100,355,True,True,True,True,False,False,True,False,,,,,74.0,26.0,True,8.0,10.0,4.0,10.0,5.0,9.0,10.0,10.0,5.0,3.0
license-checker-ai-mcp,license-checker-ai-mcp,True,1.0.7,1.0.7,2026-05-28T05:09:12.992958Z,928,109,True,fastmcp,4,4,100,353,True,True,True,True,False,False,True,False,,,,,74.0,26.0,True,8.0,10.0,4.0,10.0,5.0,9.0,10.0,10.0,5.0,3.0
grammar-fix-ai-mcp,grammar-fix-ai-mcp,True,1.0.7,1.0.7,2026-05-28T05:06:36.029791Z,928,113,True,fastmcp,4,4,100,353,True,True,True,True,False,False,True,False,,,,,74.0,26.0,True,8.0,10.0,4.0,10.0,5.0,9.0,10.0,10.0,5.0,3.0
contract-review-ai-mcp,contract-review-ai-mcp,True,1.0.6,1.0.6,2026-05-28T05:00:49.830158Z,925,102,True,fastmcp,7,7,100,357,True,True,True,True,False,False,False,False,,,,,68.0,32.0,True,8.0,10.0,4.0,10.0,5.0,9.0,10.0,10.0,2.0,0.0
note-taking-ai-mcp,note-taking-ai-mcp,True,1.0.7,1.0.7,2026-05-28T05:14:26.661809Z,922,112,True,fastmcp,4,4,100,355,True,True,True,True,False,False,True,False,,,,,74.0,26.0,True,8.0,10.0,4.0,10.0,5.0,9.0,10.0,10.0,5.0,3.0
invoice-generator-ai-mcp,invoice-generator-ai-mcp,True,1.0.6,1.0.6,2026-05-28T05:08:04.643287Z,920,149,True,fastmcp,4,4,100,359,True,True,True,True,False,False,False,False,,,,,68.0,32.0,True,8.0,10.0,4.0,10.0,5.0,9.0,10.0,10.0,2.0,0.0
markdown-ai-mcp,markdown-ai-mcp,True,1.0.7,1.0.7,2026-05-28T05:09:39.877228Z,917,122,True,fastmcp,4,4,100,343,True,True,True,True,False,False,True,False,,,,,74.0,26.0,True,8.0,10.0,4.0,10.0,5.0,9.0,10.0,10.0,5.0,3.0
cli-builder-ai-mcp,cli-builder-ai-mcp,True,1.0.7,1.0.7,2026-05-28T04:59:14.421739Z,915,115,True,fastmcp,4,4,100,343,True,True,True,True,False,False,True,False,,,,,74.0,26.0,True,8.0,10.0,4.0,10.0,5.0,9.0,10.0,10.0,5.0,3.0
project-management-ai-mcp,project-management-ai-mcp,True,1.0.7,1.0.7,2026-05-28T05:16:37.335218Z,914,125,True,fastmcp,5,5,100,375,True,True,True,True,False,False,True,False,,,,,74.0,26.0,True,8.0,10.0,4.0,10.0,5.0,9.0,10.0,10.0,5.0,3.0
pet-care-ai-mcp,pet-care-ai-mcp,True,1.0.6,1.0.6,2026-05-28T05:16:03.508656Z,913,131,True,fastmcp,5,5,100,377,True,True,True,True,False,False,False,False,,,,,72.0,28.0,True,8.0,10.0,4.0,10.0,5.0,9.0,10.0,10.0,5.0,1.0
changelog-ai-mcp,changelog-ai-mcp,True,1.0.7,1.0.7,2026-05-28T04:58:25.925081Z,910,106,True,fastmcp,4,4,100,566,True,True,True,True,False,False,True,False,,,,,76.0,24.0,True,10.0,10.0,4.0,10.0,5.0,9.0,10.0,10.0,5.0,3.0
icon-generator-ai-mcp,icon-generator-ai-mcp,True,1.0.6,1.0.6,2026-05-28T05:07:43.366029Z,910,148,True,fastmcp,4,4,100,360,True,True,True,True,False,False,False,False,,,,,72.0,28.0,True,8.0,10.0,4.0,10.0,5.0,9.0,10.0,10.0,5.0,1.0
json-ai-mcp,json-ai-mcp,True,1.0.7,1.0.7,2026-05-28T05:08:35.922035Z,909,103,True,fastmcp,4,4,100,342,True,True,True,True,False,False,True,False,,,,,74.0,26.0,True,8.0,10.0,4.0,10.0,5.0,9.0,10.0,10.0,5.0,3.0
budget-planner-ai-mcp,budget-planner-ai-mcp,True,1.0.6,1.0.6,2026-05-28T04:57:40.578385Z,909,176,True,fastmcp,13,13,100,648,True,True,True,True,False,False,False,False,,,,,70.0,30.0,True,10.0,10.0,4.0,10.0,5.0,9.0,10.0,10.0,2.0,0.0
resume-parser-ai-mcp,resume-parser-ai-mcp,True,1.0.6,1.0.6,2026-05-28T05:18:11.685556Z,907,142,True,fastmcp,4,4,100,358,True,True,True,True,False,False,False,False,,,,,72.0,28.0,True,8.0,10.0,4.0,10.0,5.0,9.0,10.0,10.0,5.0,1.0
churn-predictor-ai-mcp,churn-predictor-ai-mcp,True,1.0.6,1.0.6,2026-05-28T04:58:42.808240Z,907,129,True,fastmcp,13,13,100,649,True,True,True,True,False,False,False,False,,,,,70.0,30.0,True,10.0,10.0,4.0,10.0,5.0,9.0,10.0,10.0,2.0,0.0
commit-message-ai-mcp,commit-message-ai-mcp,True,1.0.7,1.0.7,2026-05-28T05:00:00.043798Z,905,110,True,fastmcp,4,4,100,362,True,True,True,True,False,False,True,False,,,,,74.0,26.0,True,8.0,10.0,4.0,10.0,5.0,9.0,10.0,10.0,5.0,3.0
cybersecurity-ai-mcp,cybersecurity-ai-mcp,True,1.0.7,1.0.7,2026-05-28T05:02:19.449291Z,903,110,True,fastmcp,5,5,100,373,True,True,True,True,False,False,True,False,,,,,74.0,26.0,True,8.0,10.0,4.0,10.0,5.0,9.0,10.0,10.0,5.0,3.0
ai-incident-reporting-mcp,ai-incident-reporting-mcp,True,1.1.2,1.1.2,2026-06-03T07:43:11.308690Z,903,298,True,fastmcp,3,3,100,1201,True,True,True,True,False,False,True,True,,,,,68.0,32.0,True,8.0,10.0,0.0,10.0,5.0,10.0,10.0,6.0,2.0,7.0
git-helper-ai-mcp,git-helper-ai-mcp,True,1.0.7,1.0.7,2026-05-28T05:06:19.998319Z,901,105,True,fastmcp,4,4,100,352,True,True,True,True,False,False,True,False,,,,,74.0,26.0,True,8.0,10.0,4.0,10.0,5.0,9.0,10.0,10.0,5.0,3.0
citation-finder-ai-mcp,citation-finder-ai-mcp,True,1.0.6,1.0.6,2026-05-28T04:59:03.922871Z,901,98,True,fastmcp,4,4,100,365,True,True,True,True,False,False,False,False,,,,,72.0,28.0,True,8.0,10.0,4.0,10.0,5.0,9.0,10.0,10.0,5.0,1.0
dependency-updater-ai-mcp,dependency-updater-ai-mcp,True,1.0.7,1.0.7,2026-05-28T05:02:55.146557Z,897,103,True,fastmcp,4,4,100,355,True,True,True,True,False,False,True,False,,,,,74.0,26.0,True,8.0,10.0,4.0,10.0,5.0,9.0,10.0,10.0,5.0,3.0
hash-utils-ai-mcp,hash-utils-ai-mcp,True,1.0.8,1.0.7,2026-06-03T07:59:01.066391Z,895,212,False,fastmcp,0,0,0,338,True,True,True,True,False,False,True,True,,,,,58.0,42.0,True,8.0,0.0,4.0,10.0,5.0,9.0,3.0,7.0,5.0,7.0
calendar-ai-mcp,calendar-ai-mcp,True,1.0.7,1.0.7,2026-05-28T04:57:46.745730Z,889,116,True,fastmcp,4,4,100,583,True,True,True,True,False,False,True,False,,,,,76.0,24.0,True,10.0,10.0,4.0,10.0,5.0,9.0,10.0,10.0,5.0,3.0
meal-planner-ai-mcp,meal-planner-ai-mcp,True,1.0.6,1.0.6,2026-05-28T05:10:05.349374Z,888,177,True,fastmcp,4,4,100,354,True,True,True,True,False,False,False,False,,,,,68.0,32.0,True,8.0,10.0,4.0,10.0,5.0,9.0,10.0,10.0,2.0,0.0
email-automation-mcp,email-automation-mcp,True,1.0.7,1.0.7,2026-05-28T05:04:09.261200Z,883,100,True,fastmcp,5,5,100,369,True,True,True,True,False,False,True,False,,,,,74.0,26.0,True,8.0,10.0,4.0,10.0,5.0,9.0,10.0,10.0,5.0,3.0
creativity-engine-mcp,creativity-engine-mcp,True,1.0.6,1.0.6,2026-05-28T05:01:14.504835Z,883,123,True,fastmcp,5,5,100,360,True,True,True,True,False,False,False,False,,,,,72.0,28.0,True,8.0,10.0,4.0,10.0,5.0,9.0,10.0,10.0,5.0,1.0
docker-helper-ai-mcp,docker-helper-ai-mcp,True,1.0.7,1.0.7,2026-05-28T05:03:19.511357Z,882,106,True,fastmcp,4,4,100,330,True,True,True,True,False,False,True,False,,,,,74.0,26.0,True,8.0,10.0,4.0,10.0,5.0,9.0,10.0,10.0,5.0,3.0
api-tester-ai-mcp,api-tester-ai-mcp,True,1.0.7,1.0.7,2026-05-28T04:56:26.015975Z,881,122,True,fastmcp,4,4,100,578,True,True,True,True,False,False,True,False,,,,,76.0,24.0,True,10.0,10.0,4.0,10.0,5.0,9.0,10.0,10.0,5.0,3.0
devops-ai-mcp,devops-ai-mcp,True,1.0.7,1.0.7,2026-05-28T05:03:00.389263Z,880,104,True,fastmcp,5,5,100,363,True,True,True,True,False,False,True,False,,,,,74.0,26.0,True,8.0,10.0,4.0,10.0,5.0,9.0,10.0,10.0,5.0,3.0
diff-ai-mcp,diff-ai-mcp,True,1.0.8,1.0.7,2026-06-03T07:58:57.760361Z,874,200,False,fastmcp,0,0,0,361,True,True,True,True,False,False,True,False,,,,,54.0,46.0,True,8.0,0.0,4.0,10.0,5.0,9.0,3.0,7.0,5.0,3.0
social-media-ai-mcp,social-media-ai-mcp,True,1.0.6,1.0.6,2026-05-28T05:19:44.911390Z,871,99,True,fastmcp,5,5,100,379,True,True,True,True,False,False,False,False,,,,,72.0,28.0,True,8.0,10.0,4.0,10.0,5.0,9.0,10.0,10.0,5.0,1.0
csv-tools-ai-mcp,csv-tools-ai-mcp,True,1.0.7,1.0.7,2026-05-28T05:01:59.634538Z,868,112,True,fastmcp,4,4,100,347,True,True,True,True,False,False,True,False,,,,,74.0,26.0,True,8.0,10.0,4.0,10.0,5.0,9.0,10.0,10.0,5.0,3.0
data-science-ai-mcp,data-science-ai-mcp,True,1.0.6,1.0.6,2026-05-28T05:02:25.130478Z,864,114,True,fastmcp,5,5,100,362,True,True,True,True,False,False,False,False,,,,,72.0,28.0,True,8.0,10.0,4.0,10.0,5.0,9.0,10.0,10.0,5.0,1.0
html-parser-ai-mcp,html-parser-ai-mcp,True,1.0.6,1.0.6,2026-05-28T05:07:32.456455Z,864,111,True,fastmcp,4,4,100,350,True,True,True,True,False,False,False,False,,,,,72.0,28.0,True,8.0,10.0,4.0,10.0,5.0,9.0,10.0,10.0,5.0,1.0
gods-eye-geospatial-mcp,gods-eye-geospatial-mcp,True,1.2.4,1.2.4,2026-05-28T05:06:25.775265Z,859,89,True,fastmcp,5,5,100,466,True,True,True,True,False,False,True,True,,,,,70.0,30.0,True,10.0,10.0,4.0,6.0,5.0,10.0,10.0,6.0,2.0,7.0
event-planning-ai-mcp,event-planning-ai-mcp,True,1.0.6,1.0.6,2026-05-28T05:04:48.784563Z,852,96,True,fastmcp,5,5,100,362,True,True,True,True,False,False,False,False,,,,,68.0,32.0,True,8.0,10.0,4.0,10.0,5.0,9.0,10.0,10.0,2.0,0.0
marketing-analytics-ai-mcp,marketing-analytics-ai-mcp,True,1.0.6,1.0.6,2026-05-28T05:09:45.118809Z,851,94,True,fastmcp,5,5,100,367,True,True,True,True,False,False,False,False,,,,,73.0,27.0,True,8.0,10.0,4.0,10.0,5.0,9.0,10.0,10.0,5.0,2.0
content-calendar-ai-mcp,content-calendar-ai-mcp,True,1.0.6,1.0.6,2026-05-28T05:00:39.002628Z,851,106,True,fastmcp,10,10,100,375,True,True,True,True,False,False,False,False,,,,,68.0,32.0,True,8.0,10.0,4.0,10.0,5.0,9.0,10.0,10.0,2.0,0.0
expense-tracker-ai-mcp,expense-tracker-ai-mcp,True,1.0.6,1.0.6,2026-05-28T05:04:53.775449Z,851,99,True,fastmcp,7,7,100,349,True,True,True,True,False,False,False,False,,,,,68.0,32.0,True,8.0,10.0,4.0,10.0,5.0,9.0,10.0,10.0,2.0,0.0
pomodoro-ai-mcp,pomodoro-ai-mcp,True,1.0.7,1.0.7,2026-05-28T05:16:26.333333Z,849,112,True,fastmcp,5,5,100,373,True,True,True,True,False,False,True,False,,,,,74.0,26.0,True,8.0,10.0,4.0,10.0,5.0,9.0,10.0,10.0,5.0,3.0
education-ai-mcp,education-ai-mcp,True,1.0.6,1.0.6,2026-05-28T05:04:02.842154Z,844,91,True,fastmcp,5,5,100,351,True,True,True,True,False,False,False,False,,,,,68.0,32.0,True,8.0,10.0,4.0,10.0,5.0,9.0,10.0,10.0,2.0,0.0
agriculture-robotics-mcp,agriculture-robotics-mcp,True,1.0.6,1.0.6,2026-05-28T04:55:09.652764Z,843,102,True,fastmcp,6,6,100,604,True,True,True,True,False,False,False,False,,,,,74.0,26.0,True,10.0,10.0,4.0,10.0,5.0,9.0,10.0,10.0,5.0,1.0
file-organizer-ai-mcp,file-organizer-ai-mcp,True,1.0.6,1.0.6,2026-05-28T05:05:20.885990Z,843,91,True,fastmcp,4,4,100,342,True,True,True,True,False,False,False,False,,,,,72.0,28.0,True,8.0,10.0,4.0,10.0,5.0,9.0,10.0,10.0,5.0,1.0
agent-prompt-injection-firewall-mcp,agent-prompt-injection-firewall-mcp,True,1.0.6,1.0.6,2026-05-28T04:54:25.101850Z,837,92,True,fastmcp,5,5,100,890,True,True,True,True,False,False,True,True,,,,,74.0,26.0,True,10.0,10.0,4.0,10.0,5.0,10.0,10.0,6.0,2.0,7.0
accessibility-ai-mcp,accessibility-ai-mcp,True,1.0.6,1.0.6,2026-05-28T04:52:16.562464Z,835,97,True,fastmcp,4,4,100,582,True,True,True,True,False,False,False,False,,,,,74.0,26.0,True,10.0,10.0,4.0,10.0,5.0,9.0,10.0,10.0,5.0,1.0
proofof-ai-mcp,proofof-ai-mcp,True,1.0.6,1.0.6,2026-05-28T05:16:42.960501Z,832,99,True,fastmcp,6,6,100,363,True,True,True,True,False,False,False,False,,,,,81.0,19.0,True,8.0,10.0,10.0,10.0,5.0,9.0,10.0,10.0,7.0,2.0
hydration-reminder-ai-mcp,hydration-reminder-ai-mcp,True,1.0.6,1.0.6,2026-05-28T05:07:37.935718Z,830,92,True,fastmcp,4,4,100,354,True,True,True,True,False,False,False,False,,,,,68.0,32.0,True,8.0,10.0,4.0,10.0,5.0,9.0,10.0,10.0,2.0,0.0
agent-orchestrator-mcp,agent-orchestrator-mcp,True,1.0.6,1.0.6,2026-05-28T04:54:08.133237Z,829,124,True,fastmcp,10,10,100,801,True,True,True,True,False,False,False,False,,,,,73.0,27.0,True,10.0,10.0,4.0,10.0,5.0,10.0,10.0,10.0,4.0,0.0
document-comparison-ai-mcp,document-comparison-ai-mcp,True,1.0.6,1.0.6,2026-05-28T05:03:30.407850Z,827,93,True,fastmcp,9,9,100,382,True,True,True,True,False,False,False,False,,,,,68.0,32.0,True,8.0,10.0,4.0,10.0,5.0,9.0,10.0,10.0,2.0,0.0
inventory-management-ai-mcp,inventory-management-ai-mcp,True,1.0.6,1.0.6,2026-05-28T05:07:59.389014Z,825,103,True,fastmcp,5,5,100,365,True,True,True,True,False,False,False,False,,,,,72.0,28.0,True,8.0,10.0,4.0,10.0,5.0,9.0,10.0,10.0,5.0,1.0
agent-audit-logger-mcp,agent-audit-logger-mcp,True,1.1.2,1.1.2,2026-06-03T07:50:01.237403Z,823,204,True,fastmcp,5,5,100,935,True,True,True,True,False,False,True,True,,,,,80.0,20.0,True,10.0,10.0,10.0,10.0,5.0,10.0,10.0,6.0,2.0,7.0
geolocation-ai-mcp,geolocation-ai-mcp,True,1.0.6,1.0.6,2026-05-28T05:06:14.865566Z,823,95,True,fastmcp,5,5,100,353,True,True,True,True,False,False,False,False,,,,,72.0,28.0,True,8.0,10.0,4.0,10.0,5.0,9.0,10.0,10.0,5.0,1.0
music-production-ai-mcp,music-production-ai-mcp,True,1.0.6,1.0.6,2026-05-28T05:14:01.364343Z,822,97,True,fastmcp,5,5,100,362,True,True,True,True,False,False,False,False,,,,,72.0,28.0,True,8.0,10.0,4.0,10.0,5.0,9.0,10.0,10.0,5.0,1.0
ecommerce-ai-mcp,ecommerce-ai-mcp,True,1.0.6,1.0.6,2026-05-28T05:03:57.237090Z,821,94,True,fastmcp,5,5,100,370,True,True,True,True,False,False,False,False,,,,,73.0,27.0,True,8.0,10.0,4.0,10.0,5.0,9.0,10.0,10.0,5.0,2.0
crypto-tracker-ai-mcp,crypto-tracker-ai-mcp,True,1.0.6,1.0.6,2026-05-28T05:01:35.845958Z,820,98,True,fastmcp,4,4,100,359,True,True,True,True,False,False,False,False,,,,,68.0,32.0,True,8.0,10.0,4.0,10.0,5.0,9.0,10.0,10.0,2.0,0.0
competitor-monitor-ai-mcp,competitor-monitor-ai-mcp,True,1.0.6,1.0.6,2026-05-28T05:00:06.210262Z,819,98,True,fastmcp,11,11,100,381,True,True,True,True,False,False,False,False,,,,,69.0,31.0,True,8.0,10.0,4.0,10.0,5.0,9.0,10.0,10.0,2.0,1.0
meditation-guide-ai-mcp,meditation-guide-ai-mcp,True,1.0.6,1.0.6,2026-05-28T05:10:11.365921Z,819,105,True,fastmcp,4,4,100,360,True,True,True,True,False,False,False,False,,,,,68.0,32.0,True,8.0,10.0,4.0,10.0,5.0,9.0,10.0,10.0,2.0,0.0
care-membrane-mcp,care-membrane-mcp,True,1.0.7,1.0.7,2026-05-28T04:58:18.216110Z,818,125,True,fastmcp,10,10,100,1222,True,True,True,True,False,False,True,False,,,,,75.0,25.0,True,10.0,10.0,10.0,10.0,5.0,8.0,10.0,10.0,0.0,2.0
ascii-art-ai-mcp,ascii-art-ai-mcp,True,1.0.6,1.0.6,2026-05-28T04:56:34.398909Z,818,110,True,fastmcp,4,4,100,572,True,True,True,True,False,False,False,False,,,,,74.0,26.0,True,10.0,10.0,4.0,10.0,5.0,9.0,10.0,10.0,5.0,1.0
habit-tracker-ai-mcp,habit-tracker-ai-mcp,True,1.0.6,1.0.6,2026-05-28T05:06:42.713207Z,817,101,True,fastmcp,7,7,100,347,True,True,True,True,False,False,False,False,,,,,68.0,32.0,True,8.0,10.0,4.0,10.0,5.0,9.0,10.0,10.0,2.0,0.0
self-healing-infrastructure-mcp,self-healing-infrastructure-mcp,True,1.0.6,1.0.6,2026-05-28T05:18:52.664133Z,816,111,True,fastmcp,7,7,100,393,True,True,True,True,False,False,False,False,,,,,72.0,28.0,True,8.0,10.0,4.0,10.0,5.0,9.0,10.0,10.0,5.0,1.0
legal-document-ai-mcp,legal-document-ai-mcp,True,1.0.6,1.0.6,2026-05-28T05:09:07.076604Z,815,100,True,fastmcp,5,5,100,367,True,True,True,True,False,False,False,False,,,,,78.0,22.0,True,8.0,10.0,10.0,10.0,5.0,9.0,10.0,10.0,5.0,1.0
mock-server-ai-mcp,mock-server-ai-mcp,True,1.0.6,1.0.6,2026-05-28T05:13:38.979684Z,814,111,True,fastmcp,4,4,100,359,True,True,True,True,False,False,False,False,,,,,72.0,28.0,True,8.0,10.0,4.0,10.0,5.0,9.0,10.0,10.0,5.0,1.0
currency-converter-ai-mcp,currency-converter-ai-mcp,True,1.0.6,1.0.6,2026-05-28T05:02:05.221626Z,813,96,True,fastmcp,12,12,100,402,True,True,True,True,False,False,False,False,,,,,70.0,30.0,True,10.0,10.0,4.0,10.0,5.0,9.0,10.0,10.0,2.0,0.0
emoji-ai-mcp,emoji-ai-mcp,True,1.0.6,1.0.6,2026-05-28T05:04:19.947166Z,811,93,True,fastmcp,4,4,100,343,True,True,True,True,False,False,False,False,,,,,72.0,28.0,True,8.0,10.0,4.0,10.0,5.0,9.0,10.0,10.0,5.0,1.0
jwt-ai-mcp,jwt-ai-mcp,True,1.0.6,1.0.6,2026-05-28T05:08:40.634729Z,810,99,True,fastmcp,5,5,100,353,True,True,True,True,False,False,False,True,,,,,76.0,24.0,True,8.0,10.0,4.0,10.0,5.0,9.0,10.0,10.0,5.0,5.0
math-solver-ai-mcp,math-solver-ai-mcp,True,1.0.6,1.0.6,2026-05-28T05:09:50.884933Z,810,102,True,fastmcp,4,4,100,355,True,True,True,True,False,False,False,False,,,,,72.0,28.0,True,8.0,10.0,4.0,10.0,5.0,9.0,10.0,10.0,5.0,1.0
fitness-ai-mcp,fitness-ai-mcp,True,1.0.6,1.0.6,2026-05-28T05:05:31.370085Z,810,94,True,fastmcp,5,5,100,358,True,True,True,True,False,False,False,False,,,,,68.0,32.0,True,8.0,10.0,4.0,10.0,5.0,9.0,10.0,10.0,2.0,0.0
job-description-ai-mcp,job-description-ai-mcp,True,1.0.6,1.0.6,2026-05-28T05:08:30.677501Z,810,98,True,fastmcp,4,4,100,358,True,True,True,True,False,False,False,False,,,,,68.0,32.0,True,8.0,10.0,4.0,10.0,5.0,9.0,10.0,10.0,2.0,0.0
landlaw-ai-mcp,landlaw-ai-mcp,True,1.0.6,1.0.6,2026-05-28T05:08:55.187567Z,808,94,True,fastmcp,6,6,100,401,True,True,True,True,False,False,False,False,,,,,75.0,25.0,True,10.0,10.0,4.0,10.0,5.0,9.0,10.0,10.0,5.0,2.0
accounting-ai-mcp,accounting-ai-mcp,True,1.0.6,1.0.6,2026-05-28T04:52:22.360233Z,808,89,True,fastmcp,5,5,100,586,True,True,True,True,False,False,False,False,,,,,70.0,30.0,True,10.0,10.0,4.0,10.0,5.0,9.0,10.0,10.0,2.0,0.0
feedback-analyzer-ai-mcp,feedback-analyzer-ai-mcp,True,1.0.6,1.0.6,2026-05-28T05:05:14.198158Z,808,92,True,fastmcp,4,4,100,355,True,True,True,True,False,False,False,False,,,,,69.0,31.0,True,8.0,10.0,4.0,10.0,5.0,9.0,10.0,10.0,2.0,1.0
lead-scoring-ai-mcp,lead-scoring-ai-mcp,True,1.0.6,1.0.6,2026-05-28T05:09:00.746672Z,808,92,True,fastmcp,10,10,100,391,True,True,True,True,False,False,False,False,,,,,69.0,31.0,True,8.0,10.0,4.0,10.0,5.0,9.0,10.0,10.0,2.0,1.0
faker-ai-mcp,faker-ai-mcp,True,1.0.6,1.0.6,2026-05-28T05:05:03.579375Z,807,94,True,fastmcp,5,5,100,373,True,True,True,True,False,False,False,False,,,,,72.0,28.0,True,8.0,10.0,4.0,10.0,5.0,9.0,10.0,10.0,5.0,1.0
agent-identity-trust-mcp,agent-identity-trust-mcp,True,1.0.5,1.0.5,2026-05-28T04:53:36.809990Z,806,97,True,fastmcp,5,5,100,632,True,True,True,True,False,False,False,True,,,,,76.0,24.0,True,8.0,10.0,6.0,10.0,5.0,9.0,10.0,10.0,3.0,5.0
hr-management-ai-mcp,hr-management-ai-mcp,True,1.0.6,1.0.6,2026-05-28T05:07:26.438447Z,806,93,True,fastmcp,5,5,100,366,True,True,True,True,False,False,False,False,,,,,72.0,28.0,True,8.0,10.0,4.0,10.0,5.0,9.0,10.0,10.0,5.0,1.0
notification-ai-mcp,notification-ai-mcp,True,1.0.6,1.0.6,2026-05-28T05:14:32.435226Z,806,99,True,fastmcp,4,4,100,352,True,True,True,True,False,False,False,False,,,,,72.0,28.0,True,8.0,10.0,4.0,10.0,5.0,9.0,10.0,10.0,5.0,1.0
logistics-ai-mcp,logistics-ai-mcp,True,1.0.6,1.0.6,2026-05-28T05:09:28.671525Z,806,93,True,fastmcp,5,5,100,350,True,True,True,True,False,False,False,False,,,,,68.0,32.0,True,8.0,10.0,4.0,10.0,5.0,9.0,10.0,10.0,2.0,0.0
fishkeeper-ai-mcp,fishkeeper-ai-mcp,True,1.0.6,1.0.6,2026-05-28T05:05:25.855576Z,805,99,True,fastmcp,6,6,100,385,True,True,True,True,False,False,False,False,,,,,73.0,27.0,True,8.0,10.0,4.0,10.0,5.0,9.0,10.0,10.0,5.0,2.0
blockchain-ai-mcp,blockchain-ai-mcp,True,1.0.6,1.0.6,2026-05-28T04:57:24.525217Z,804,100,True,fastmcp,5,5,100,589,True,True,True,True,False,False,False,False,,,,,75.0,25.0,True,10.0,10.0,4.0,10.0,5.0,9.0,10.0,10.0,5.0,2.0
backup-ai-mcp,backup-ai-mcp,True,1.0.6,1.0.6,2026-05-28T04:56:43.648048Z,803,99,True,fastmcp,5,5,100,584,True,True,True,True,False,False,False,False,,,,,74.0,26.0,True,10.0,10.0,4.0,10.0,5.0,9.0,10.0,10.0,5.0,1.0
insurance-verification-mcp,insurance-verification-mcp,True,1.0.6,1.0.6,2026-05-28T05:07:53.858040Z,803,92,True,fastmcp,4,4,100,357,True,True,True,True,False,False,False,False,,,,,72.0,28.0,True,8.0,10.0,4.0,10.0,5.0,9.0,10.0,10.0,5.0,1.0
real-estate-listing-mcp,real-estate-listing-mcp,True,1.0.6,1.0.6,2026-05-28T05:17:35.510373Z,802,98,True,fastmcp,5,5,100,366,True,True,True,True,False,False,False,False,,,,,73.0,27.0,True,8.0,10.0,4.0,10.0,5.0,9.0,10.0,10.0,5.0,2.0
ad-copy-ai-mcp,ad-copy-ai-mcp,True,1.0.6,1.0.6,2026-05-28T04:52:28.529915Z,802,88,True,fastmcp,9,9,100,605,True,True,True,True,False,False,False,False,,,,,70.0,30.0,True,10.0,10.0,4.0,10.0,5.0,9.0,10.0,10.0,2.0,0.0
vector-knowledge-graph-mcp,vector-knowledge-graph-mcp,True,1.0.4,1.0.4,2026-06-03T13:55:53.157537Z,802,499,True,fastmcp,5,5,100,385,True,True,False,True,False,False,False,False,,,,,59.0,41.0,True,6.0,10.0,0.0,10.0,5.0,6.0,10.0,10.0,2.0,0.0
content-registry-mcp,content-registry-mcp,True,1.0.6,1.0.6,2026-05-28T05:00:44.236990Z,801,101,True,fastmcp,5,5,100,377,True,True,True,True,False,False,False,False,,,,,72.0,28.0,True,8.0,10.0,4.0,10.0,5.0,9.0,10.0,10.0,5.0,1.0
quiz-generator-ai-mcp,quiz-generator-ai-mcp,True,1.0.6,1.0.6,2026-05-28T05:17:09.255547Z,801,151,True,fastmcp,4,4,100,349,True,True,True,True,False,False,False,False,,,,,72.0,28.0,True,8.0,10.0,4.0,10.0,5.0,9.0,10.0,10.0,5.0,1.0
recipe-finder-ai-mcp,recipe-finder-ai-mcp,True,1.0.6,1.0.6,2026-05-28T05:17:40.836424Z,800,107,True,fastmcp,4,4,100,348,True,True,True,True,False,False,False,False,,,,,72.0,28.0,True,8.0,10.0,4.0,10.0,5.0,9.0,10.0,10.0,5.0,1.0
nutrition-tracker-ai-mcp,nutrition-tracker-ai-mcp,True,1.0.6,1.0.6,2026-05-28T05:14:43.468806Z,798,104,True,fastmcp,5,5,100,377,True,True,True,True,False,False,False,False,,,,,72.0,28.0,True,8.0,10.0,4.0,10.0,5.0,9.0,10.0,10.0,5.0,1.0
customer-support-ai-mcp,customer-support-ai-mcp,True,1.0.6,1.0.6,2026-05-28T05:02:10.810701Z,797,99,True,fastmcp,5,5,100,376,True,True,True,True,False,False,False,False,,,,,73.0,27.0,True,8.0,10.0,4.0,10.0,5.0,9.0,10.0,10.0,5.0,2.0
gardening-ai-mcp,gardening-ai-mcp,True,1.0.6,1.0.6,2026-05-28T05:06:04.436631Z,797,96,True,fastmcp,5,5,100,372,True,True,True,True,False,False,False,False,,,,,72.0,28.0,True,8.0,10.0,4.0,10.0,5.0,9.0,10.0,10.0,5.0,1.0
color-ai-mcp,color-ai-mcp,True,1.0.6,1.0.6,2026-05-28T04:59:54.447450Z,796,102,True,fastmcp,4,4,100,349,True,True,True,True,False,False,False,False,,,,,72.0,28.0,True,8.0,10.0,4.0,10.0,5.0,9.0,10.0,10.0,5.0,1.0
memory-search-mcp,memory-search-mcp,True,1.0.6,1.0.6,2026-05-28T05:10:21.693414Z,795,99,True,fastmcp,9,9,100,480,True,True,True,True,False,False,False,False,,,,,72.0,28.0,True,10.0,10.0,4.0,10.0,5.0,9.0,10.0,10.0,4.0,0.0
agent-delegation-mcp,agent-delegation-mcp,True,1.0.6,1.0.6,2026-05-28T04:53:24.385897Z,794,112,True,fastmcp,5,5,100,735,True,True,True,True,False,False,False,False,,,,,77.0,23.0,True,10.0,10.0,4.0,10.0,5.0,10.0,10.0,10.0,7.0,1.0
muckaway-ai-mcp,muckaway-ai-mcp,True,1.0.6,1.0.6,2026-05-28T05:13:51.573156Z,794,96,True,fastmcp,6,6,100,250,True,True,True,True,False,False,False,False,,,,,73.0,27.0,True,8.0,10.0,4.0,10.0,5.0,9.0,10.0,10.0,5.0,2.0
email-validator-ai-mcp,email-validator-ai-mcp,True,1.0.6,1.0.6,2026-05-28T05:04:14.703025Z,794,96,True,fastmcp,4,4,100,352,True,True,True,True,False,False,False,False,,,,,72.0,28.0,True,8.0,10.0,4.0,10.0,5.0,9.0,10.0,10.0,5.0,1.0
rag-knowledge-mcp,rag-knowledge-mcp,True,1.0.6,1.0.6,2026-05-28T05:17:23.851946Z,793,100,True,fastmcp,5,5,100,352,True,True,True,True,False,False,False,False,,,,,72.0,28.0,True,8.0,10.0,4.0,10.0,5.0,9.0,10.0,10.0,5.0,1.0
ai-ops-mcp,ai-ops-mcp,True,1.0.6,1.0.6,2026-05-28T04:55:40.026672Z,792,102,True,fastmcp,5,5,100,663,True,True,True,True,False,False,False,False,,,,,74.0,26.0,True,10.0,10.0,4.0,10.0,5.0,9.0,10.0,10.0,5.0,1.0
agent-negotiation-mcp,agent-negotiation-mcp,True,1.0.6,1.0.6,2026-05-28T04:54:00.566451Z,791,102,True,fastmcp,5,5,100,732,True,True,True,True,False,False,False,False,,,,,78.0,22.0,True,10.0,10.0,4.0,10.0,5.0,10.0,10.0,10.0,7.0,2.0
slack-enterprise-mcp,slack-enterprise-mcp,True,1.0.6,1.0.6,2026-05-28T05:19:19.859910Z,791,106,True,fastmcp,8,8,100,413,True,True,True,True,False,False,True,False,,,,,76.0,24.0,True,10.0,10.0,4.0,10.0,5.0,9.0,10.0,10.0,5.0,3.0
agent-commerce-payments-mcp,agent-commerce-payments-mcp,True,1.0.6,1.0.6,2026-05-28T04:52:43.206731Z,791,95,True,fastmcp,5,5,100,1025,True,True,True,True,False,False,False,False,,,,,75.0,25.0,True,10.0,10.0,4.0,10.0,5.0,10.0,10.0,10.0,5.0,1.0
env-manager-ai-mcp,env-manager-ai-mcp,True,1.0.6,1.0.6,2026-05-28T05:04:31.219979Z,790,102,True,fastmcp,4,4,100,342,True,True,True,True,False,False,False,False,,,,,78.0,22.0,True,8.0,10.0,10.0,10.0,5.0,9.0,10.0,10.0,5.0,1.0
mortgage-calculator-ai-mcp,mortgage-calculator-ai-mcp,True,1.0.6,1.0.6,2026-05-28T05:13:45.484542Z,790,101,True,fastmcp,4,4,100,360,True,True,True,True,False,False,False,False,,,,,72.0,28.0,True,8.0,10.0,4.0,10.0,5.0,9.0,10.0,10.0,5.0,1.0
seo-checker-ai-mcp,seo-checker-ai-mcp,True,1.0.6,1.0.6,2026-05-28T05:19:04.904871Z,790,99,True,fastmcp,4,4,100,341,True,True,True,True,False,False,False,False,,,,,72.0,28.0,True,8.0,10.0,4.0,10.0,5.0,9.0,10.0,10.0,5.0,1.0
lorem-ipsum-ai-mcp,lorem-ipsum-ai-mcp,True,1.0.6,1.0.6,2026-05-28T05:09:34.310243Z,789,98,True,fastmcp,4,4,100,347,True,True,True,True,False,False,False,False,,,,,72.0,28.0,True,8.0,10.0,4.0,10.0,5.0,9.0,10.0,10.0,5.0,1.0
airspace-monitor-mcp,airspace-monitor-mcp,True,1.0.6,1.0.6,2026-05-28T04:56:02.036707Z,788,92,True,fastmcp,4,4,100,586,True,True,True,True,False,False,False,False,,,,,74.0,26.0,True,10.0,10.0,4.0,10.0,5.0,9.0,10.0,10.0,5.0,1.0
schema-validator-ai-mcp,schema-validator-ai-mcp,True,1.0.6,1.0.6,2026-05-28T05:18:41.090660Z,787,97,True,fastmcp,4,4,100,346,True,True,True,True,False,False,False,False,,,,,78.0,22.0,True,8.0,10.0,10.0,10.0,5.0,9.0,10.0,10.0,5.0,1.0
consciousness-engine-mcp,consciousness-engine-mcp,True,1.0.6,1.0.6,2026-05-28T05:00:28.202090Z,787,100,True,fastmcp,6,6,100,372,True,True,True,True,False,False,False,False,,,,,72.0,28.0,True,8.0,10.0,4.0,10.0,5.0,9.0,10.0,10.0,5.0,1.0
planthire-ai-mcp,planthire-ai-mcp,True,1.0.6,1.0.6,2026-05-28T05:16:20.823883Z,786,105,True,fastmcp,6,6,100,470,True,True,True,True,False,False,False,False,,,,,75.0,25.0,True,10.0,10.0,4.0,10.0,5.0,9.0,10.0,10.0,5.0,2.0
cron-ai-mcp,cron-ai-mcp,True,1.0.6,1.0.6,2026-05-28T05:01:28.506001Z,783,92,True,fastmcp,4,4,100,345,True,True,True,True,False,False,False,False,,,,,72.0,28.0,True,8.0,10.0,4.0,10.0,5.0,9.0,10.0,10.0,5.0,1.0
date-calculator-ai-mcp,date-calculator-ai-mcp,True,1.0.6,1.0.6,2026-05-28T05:02:43.615992Z,782,110,True,fastmcp,4,4,100,357,True,True,True,True,False,False,False,False,,,,,72.0,28.0,True,8.0,10.0,4.0,10.0,5.0,9.0,10.0,10.0,5.0,1.0
recruitment-ai-mcp,recruitment-ai-mcp,True,1.0.6,1.0.6,2026-05-28T05:17:46.394173Z,782,96,True,fastmcp,5,5,100,339,True,True,True,True,False,False,False,False,,,,,72.0,28.0,True,8.0,10.0,4.0,10.0,5.0,9.0,10.0,10.0,5.0,1.0
ai-gateway-mcp,ai-gateway-mcp,True,1.0.5,1.0.5,2026-05-28T04:55:25.372710Z,778,100,True,fastmcp,4,4,100,567,True,True,True,True,False,False,False,False,,,,,72.0,28.0,True,8.0,10.0,6.0,10.0,5.0,8.0,10.0,10.0,3.0,2.0
compression-ai-mcp,compression-ai-mcp,True,1.0.6,1.0.6,2026-05-28T05:00:12.529202Z,777,98,True,fastmcp,4,4,100,345,True,True,True,True,False,False,False,False,,,,,73.0,27.0,True,8.0,10.0,4.0,10.0,5.0,9.0,10.0,10.0,5.0,2.0
restaurant-ai-mcp,restaurant-ai-mcp,True,1.0.6,1.0.6,2026-05-28T05:18:02.802305Z,777,99,True,fastmcp,5,5,100,356,True,True,True,True,False,False,False,False,,,,,73.0,27.0,True,8.0,10.0,4.0,10.0,5.0,9.0,10.0,10.0,5.0,2.0
linkedin-outreach-mcp,linkedin-outreach-mcp,True,1.0.6,1.0.6,2026-05-28T05:09:18.009793Z,777,93,True,fastmcp,6,6,100,371,True,True,True,True,False,False,False,False,,,,,72.0,28.0,True,8.0,10.0,4.0,10.0,5.0,9.0,10.0,10.0,5.0,1.0
crm-ai-mcp,crm-ai-mcp,True,1.0.6,1.0.6,2026-05-28T05:01:23.432569Z,776,104,True,fastmcp,5,5,100,367,True,True,True,True,False,False,False,False,,,,,73.0,27.0,True,8.0,10.0,4.0,10.0,5.0,9.0,10.0,10.0,5.0,2.0
config-validator-ai-mcp,config-validator-ai-mcp,True,1.0.6,1.0.6,2026-05-28T05:00:23.083604Z,773,94,True,fastmcp,4,4,100,338,True,True,True,True,False,False,False,False,,,,,72.0,28.0,True,8.0,10.0,4.0,10.0,5.0,9.0,10.0,10.0,5.0,1.0
sleep-tracker-ai-mcp,sleep-tracker-ai-mcp,True,1.0.6,1.0.6,2026-05-28T05:19:25.123243Z,773,102,True,fastmcp,4,4,100,359,True,True,True,True,False,False,False,False,,,,,72.0,28.0,True,8.0,10.0,4.0,10.0,5.0,9.0,10.0,10.0,5.0,1.0
pdf-merge-ai-mcp,pdf-merge-ai-mcp,True,1.0.6,1.0.6,2026-05-28T05:15:42.538652Z,772,97,True,fastmcp,4,4,100,364,True,True,True,True,False,False,False,False,,,,,78.0,22.0,True,8.0,10.0,10.0,10.0,5.0,9.0,10.0,10.0,5.0,1.0
flight-logger-mcp,flight-logger-mcp,True,1.0.6,1.0.6,2026-05-28T05:05:43.029864Z,772,91,True,fastmcp,4,4,100,352,True,True,True,True,False,False,False,False,,,,,72.0,28.0,True,8.0,10.0,4.0,10.0,5.0,9.0,10.0,10.0,5.0,1.0
performance-ai-mcp,performance-ai-mcp,True,1.0.6,1.0.6,2026-05-28T05:15:53.025151Z,769,94,True,fastmcp,4,4,100,340,True,True,True,True,False,False,False,False,,,,,72.0,28.0,True,8.0,10.0,4.0,10.0,5.0,9.0,10.0,10.0,5.0,1.0
owasp-agentic-mcp,owasp-agentic-mcp,True,1.0.6,1.0.6,2026-05-28T05:15:13.877332Z,766,97,True,fastmcp,5,5,100,349,True,True,True,True,False,False,False,False,,,,,78.0,22.0,True,8.0,10.0,10.0,10.0,5.0,9.0,10.0,10.0,5.0,1.0
robotics-control-mcp,robotics-control-mcp,True,1.0.6,1.0.6,2026-05-28T05:18:23.098786Z,762,98,True,fastmcp,6,6,100,371,True,True,True,True,False,False,False,False,,,,,72.0,28.0,True,8.0,10.0,4.0,10.0,5.0,9.0,10.0,10.0,5.0,1.0
haulage-uk-compliance-mcp,haulage-uk-compliance-mcp,True,1.0.5,1.0.5,2026-06-03T16:15:02.152062Z,762,261,True,fastmcp,5,5,100,523,False,True,True,True,False,False,True,True,,,,,58.0,42.0,True,8.0,10.0,0.0,4.0,5.0,8.0,10.0,6.0,0.0,7.0
pdf-document-mcp,pdf-document-mcp,True,1.0.6,1.0.6,2026-05-28T05:15:36.772110Z,760,86,True,fastmcp,5,5,100,366,True,True,True,True,False,False,False,False,,,,,72.0,28.0,True,8.0,10.0,4.0,10.0,5.0,9.0,10.0,10.0,5.0,1.0
watermarking-authenticity-mcp,watermarking-authenticity-mcp,True,1.2.1,1.2.1,2026-06-03T07:50:20.915282Z,747,180,True,fastmcp,6,6,100,1030,True,True,True,True,False,False,True,True,,,,,71.0,29.0,True,8.0,10.0,0.0,10.0,5.0,10.0,10.0,10.0,2.0,6.0
qr-code-ai-mcp,qr-code-ai-mcp,True,1.0.6,1.0.6,2026-05-28T05:16:56.224729Z,744,104,True,fastmcp,4,4,100,354,True,True,True,True,False,False,False,False,,,,,72.0,28.0,True,8.0,10.0,4.0,10.0,5.0,9.0,10.0,10.0,5.0,1.0
translation-ai-mcp,translation-ai-mcp,True,1.0.5,1.0.5,2026-06-03T13:52:33.131588Z,726,418,True,fastmcp,5,5,100,345,True,True,False,True,False,False,True,False,,,,,67.0,33.0,True,8.0,10.0,4.0,10.0,5.0,6.0,10.0,10.0,2.0,2.0
construction-iso-19650-mcp,construction-iso-19650-mcp,True,1.0.4,1.0.4,2026-06-03T12:12:44.120715Z,718,173,True,fastmcp,5,5,100,507,False,True,True,True,False,False,True,True,,,,,58.0,42.0,True,8.0,10.0,0.0,4.0,5.0,8.0,10.0,6.0,0.0,7.0
qidi-printer-mcp,qidi-printer-mcp,True,1.0.6,1.0.6,2026-05-28T05:16:49.119432Z,711,90,True,fastmcp,10,10,100,436,True,True,True,True,False,False,False,False,,,,,74.0,26.0,True,10.0,10.0,4.0,10.0,5.0,9.0,10.0,10.0,5.0,1.0
text-stats-ai-mcp,text-stats-ai-mcp,True,1.0.5,1.0.5,2026-06-03T13:51:23.499016Z,707,394,True,fastmcp,4,4,100,334,True,True,False,True,False,False,True,False,,,,,61.0,39.0,True,6.0,10.0,0.0,10.0,5.0,6.0,10.0,10.0,2.0,2.0
price-tracker-ai-mcp,price-tracker-ai-mcp,True,1.0.6,1.0.6,2026-05-28T05:16:31.956424Z,704,97,True,fastmcp,4,4,100,368,True,True,True,True,False,False,False,False,,,,,72.0,28.0,True,8.0,10.0,4.0,10.0,5.0,9.0,10.0,10.0,5.0,1.0
agent-handoff-certified-mcp,agent-handoff-certified-mcp,True,1.0.6,1.0.6,2026-05-28T04:53:30.386563Z,690,81,True,fastmcp,5,5,100,823,True,True,True,True,False,False,True,True,,,,,74.0,26.0,True,10.0,10.0,4.0,10.0,5.0,10.0,10.0,6.0,2.0,7.0
stripe-billing-mcp,stripe-billing-mcp,True,1.0.4,1.0.2,2026-05-07T12:21:09.152293Z,668,86,True,fastmcp,8,8,100,415,True,True,True,True,False,False,True,False,,,,,74.0,26.0,True,10.0,10.0,4.0,10.0,5.0,9.0,10.0,10.0,4.0,2.0
string-utils-ai-mcp,string-utils-ai-mcp,True,1.0.6,1.0.6,2026-06-03T13:48:00.879581Z,664,359,True,fastmcp,4,4,100,345,True,True,False,True,False,False,True,False,,,,,61.0,39.0,True,6.0,10.0,0.0,10.0,5.0,6.0,10.0,10.0,2.0,2.0
agent-data-residency-mcp,agent-data-residency-mcp,True,1.0.3,1.0.3,2026-05-28T04:53:17.955681Z,662,89,True,fastmcp,7,7,100,1172,False,True,True,True,False,False,True,True,,,,,70.0,30.0,True,10.0,10.0,10.0,4.0,5.0,9.0,10.0,6.0,0.0,6.0
skip-hire-ai-mcp,skip-hire-ai-mcp,True,1.0.4,1.0.4,2026-06-03T13:46:15.668010Z,660,160,True,fastmcp,5,5,100,509,False,True,True,True,False,False,True,True,,,,,64.0,36.0,True,10.0,10.0,4.0,4.0,5.0,8.0,10.0,6.0,0.0,7.0
writing-assistant-ai-mcp,writing-assistant-ai-mcp,True,1.0.5,1.0.5,2026-06-03T13:59:39.567895Z,655,283,True,fastmcp,5,5,100,363,True,True,False,True,False,False,True,False,,,,,68.0,32.0,True,8.0,10.0,4.0,10.0,5.0,6.0,10.0,10.0,2.0,3.0
nrswa-ai-mcp,nrswa-ai-mcp,True,1.0.5,1.0.5,2026-06-03T13:42:15.590230Z,647,297,True,fastmcp,5,5,100,282,False,True,True,True,False,False,True,True,,,,,56.0,44.0,True,6.0,10.0,0.0,4.0,5.0,8.0,10.0,6.0,0.0,7.0
mica-crypto-mcp,mica-crypto-mcp,True,1.0.6,1.0.6,2026-06-03T16:16:10.964318Z,635,405,True,fastmcp,7,7,100,353,False,True,True,True,False,False,True,True,,,,,59.0,41.0,True,6.0,10.0,0.0,4.0,5.0,9.0,10.0,6.0,2.0,7.0
test-case-generator-ai-mcp,test-case-generator-ai-mcp,True,1.0.5,1.0.5,2026-06-03T13:50:49.921628Z,632,333,True,fastmcp,4,4,100,353,True,True,False,True,False,False,True,False,,,,,61.0,39.0,True,6.0,10.0,0.0,10.0,5.0,6.0,10.0,10.0,2.0,2.0
dora-nis2-crosswalk-mcp,dora-nis2-crosswalk-mcp,True,1.1.0,1.0.4,2026-05-09T02:38:01.637838Z,630,57,True,fastmcp,4,4,100,1124,True,True,True,True,False,False,True,True,,,,,68.0,32.0,True,8.0,10.0,0.0,10.0,5.0,10.0,10.0,6.0,2.0,7.0
mdr-medical-device-mcp,mdr-medical-device-mcp,True,1.0.5,1.0.5,2026-06-03T07:52:18.614823Z,627,379,True,fastmcp,6,6,100,350,True,True,True,True,False,False,True,True,,,,,65.0,35.0,True,6.0,10.0,0.0,10.0,5.0,9.0,10.0,6.0,2.0,7.0
weather-ai-mcp,weather-ai-mcp,True,1.0.5,1.0.5,2026-06-03T13:57:29.663283Z,626,279,True,fastmcp,5,5,100,345,True,True,False,True,False,False,True,False,,,,,67.0,33.0,True,8.0,10.0,4.0,10.0,5.0,6.0,10.0,10.0,2.0,2.0
mitre-atlas-mcp,mitre-atlas-mcp,True,1.0.6,1.0.6,2026-06-03T16:16:56.727483Z,612,385,True,fastmcp,5,5,100,419,False,True,True,True,False,False,True,True,,,,,62.0,38.0,True,8.0,10.0,0.0,4.0,5.0,10.0,10.0,6.0,2.0,7.0
tone-rewriter-ai-mcp,tone-rewriter-ai-mcp,True,1.0.5,1.0.5,2026-06-03T13:52:00.133011Z,604,288,True,fastmcp,4,4,100,370,True,True,False,True,False,False,True,False,,,,,61.0,39.0,True,6.0,10.0,0.0,10.0,5.0,6.0,10.0,10.0,2.0,2.0
mifid-ii-ai-mcp,mifid-ii-ai-mcp,True,1.0.6,1.0.6,2026-06-03T16:16:32.214913Z,599,401,True,fastmcp,7,7,100,354,False,True,True,True,False,False,True,True,,,,,59.0,41.0,True,6.0,10.0,0.0,4.0,5.0,9.0,10.0,6.0,2.0,7.0
quantum-scoring-mcp,meok-quantum-scoring-mcp,True,1.0.3,1.0.3,2026-05-28T05:17:02.947591Z,597,49,True,fastmcp,2,2,100,214,True,True,False,True,False,False,False,False,,,,,51.0,49.0,True,6.0,10.0,0.0,6.0,5.0,6.0,10.0,6.0,2.0,0.0
ai-reflection-mcp,meok-ai-reflection-mcp,True,1.0.3,1.0.3,2026-05-28T04:55:46.945065Z,596,57,True,fastmcp,3,3,100,242,True,True,False,True,False,False,False,False,,,,,51.0,49.0,True,6.0,10.0,0.0,6.0,5.0,6.0,10.0,6.0,2.0,0.0
neural-health-monitor-mcp,meok-neural-health-monitor-mcp,True,1.0.2,1.0.2,2026-05-28T05:14:07.125614Z,596,101,True,fastmcp,3,3,100,214,True,True,False,True,False,False,False,False,,,,,51.0,49.0,True,6.0,10.0,0.0,6.0,5.0,6.0,10.0,6.0,2.0,0.0
url-ai-mcp,url-ai-mcp,True,1.0.5,1.0.5,2026-06-03T13:54:14.261436Z,595,286,True,fastmcp,4,4,100,333,True,True,False,True,False,False,True,False,,,,,61.0,39.0,True,6.0,10.0,0.0,10.0,5.0,6.0,10.0,10.0,2.0,2.0
agent-policy-enforcement-mcp,agent-policy-enforcement-mcp,True,1.0.4,1.0.4,2026-05-28T04:54:16.324188Z,593,75,True,fastmcp,6,6,100,821,True,True,True,True,False,False,True,True,,,,,74.0,26.0,True,10.0,10.0,4.0,10.0,5.0,10.0,10.0,6.0,2.0,7.0
unit-converter-ai-mcp,unit-converter-ai-mcp,True,1.0.5,1.0.5,2026-06-03T13:53:41.812949Z,585,291,True,fastmcp,4,4,100,368,True,True,False,True,False,False,True,False,,,,,61.0,39.0,True,6.0,10.0,0.0,10.0,5.0,6.0,10.0,10.0,2.0,2.0
validator-ai-mcp,validator-ai-mcp,True,1.0.5,1.0.5,2026-06-03T13:55:20.836839Z,577,279,True,fastmcp,5,5,100,396,True,True,False,True,False,False,True,False,,,,,61.0,39.0,True,6.0,10.0,0.0,10.0,5.0,6.0,10.0,10.0,2.0,2.0
bft-governance-mcp,meok-bft-governance-mcp,True,1.0.3,1.0.3,2026-05-28T04:57:00.883113Z,577,48,True,fastmcp,3,3,100,243,True,True,False,True,False,False,False,False,,,,,51.0,49.0,True,6.0,10.0,0.0,6.0,5.0,6.0,10.0,6.0,2.0,0.0
agent-rate-limiter-mcp,agent-rate-limiter-mcp,True,1.0.4,1.0.4,2026-05-28T04:54:34.391378Z,574,69,True,fastmcp,6,6,100,807,True,True,True,True,False,False,True,True,,,,,74.0,26.0,True,10.0,10.0,4.0,10.0,5.0,10.0,10.0,6.0,2.0,7.0
uk-ai-bill-compliance-mcp,uk-ai-bill-compliance-mcp,True,1.0.4,1.0.4,2026-05-28T05:21:15.195353Z,570,73,True,fastmcp,6,6,100,994,True,True,True,True,False,False,True,True,,,,,74.0,26.0,True,10.0,10.0,4.0,10.0,5.0,10.0,10.0,6.0,2.0,7.0
uuid-ai-mcp,uuid-ai-mcp,True,1.0.5,1.0.5,2026-06-03T13:54:47.608185Z,566,271,True,fastmcp,5,5,100,371,True,True,False,True,False,False,True,False,,,,,61.0,39.0,True,6.0,10.0,0.0,10.0,5.0,6.0,10.0,10.0,2.0,2.0
voice-audio-mcp,voice-audio-mcp,True,1.0.4,1.0.4,2026-06-03T13:56:57.554060Z,557,278,True,fastmcp,4,4,100,388,True,True,False,True,False,False,False,False,,,,,59.0,41.0,True,6.0,10.0,0.0,10.0,5.0,6.0,10.0,10.0,2.0,0.0
chas-elite-prep-mcp,chas-elite-prep-mcp,True,1.0.4,1.0.4,2026-06-03T12:33:54.728628Z,550,201,True,fastmcp,5,5,100,277,False,True,True,True,False,False,True,True,,,,,56.0,44.0,True,6.0,10.0,0.0,4.0,5.0,8.0,10.0,6.0,0.0,7.0
stock-analyzer-ai-mcp,stock-analyzer-ai-mcp,True,1.0.5,1.0.5,2026-06-03T13:47:28.137355Z,549,362,True,fastmcp,4,4,100,397,True,True,False,True,False,False,False,False,,,,,59.0,41.0,True,6.0,10.0,0.0,10.0,5.0,6.0,10.0,10.0,2.0,0.0
web-research-mcp,web-research-mcp,True,1.0.5,1.0.5,2026-06-03T13:58:01.961353Z,541,291,True,fastmcp,7,7,100,487,True,True,True,True,False,False,True,False,,,,,74.0,26.0,True,10.0,10.0,4.0,10.0,5.0,9.0,10.0,10.0,4.0,2.0
concrete-pump-cpa-mcp,concrete-pump-cpa-mcp,True,1.0.4,1.0.4,2026-06-03T12:35:36.153676Z,532,194,True,fastmcp,5,5,100,280,False,True,True,True,False,False,True,True,,,,,56.0,44.0,True,6.0,10.0,0.0,4.0,5.0,8.0,10.0,6.0,0.0,7.0
crane-hire-cpcs-mcp,crane-hire-cpcs-mcp,True,1.0.4,1.0.4,2026-06-03T12:37:08.688368Z,525,194,True,fastmcp,5,5,100,284,False,True,True,True,False,False,True,True,,,,,56.0,44.0,True,6.0,10.0,0.0,4.0,5.0,8.0,10.0,6.0,0.0,7.0
fda-samd-mcp,fda-samd-mcp,True,1.0.5,1.0.5,2026-06-03T16:14:13.520651Z,523,291,True,fastmcp,7,7,100,360,False,True,True,True,False,False,True,True,,,,,59.0,41.0,True,6.0,10.0,0.0,4.0,5.0,9.0,10.0,6.0,2.0,7.0
workout-planner-ai-mcp,workout-planner-ai-mcp,True,1.0.4,1.0.4,2026-06-03T13:59:07.351596Z,523,323,True,fastmcp,4,4,100,391,True,True,False,True,False,False,False,False,,,,,59.0,41.0,True,6.0,10.0,0.0,10.0,5.0,6.0,10.0,10.0,2.0,0.0
meok-eu-ai-act-art-13-ifu-mcp,meok-eu-ai-act-art-13-ifu-mcp,True,1.0.3,1.0.3,2026-06-03T12:11:30.036619Z,509,283,True,fastmcp,7,7,100,526,True,True,True,True,False,False,False,True,,,,,61.0,39.0,True,6.0,10.0,0.0,10.0,5.0,9.0,10.0,6.0,0.0,5.0
meok-eu-ai-act-art-26-fria-mcp,meok-eu-ai-act-art-26-fria-mcp,True,1.0.3,1.0.3,2026-06-03T12:12:06.466814Z,501,285,True,fastmcp,6,6,100,573,True,True,True,True,False,False,False,True,,,,,61.0,39.0,True,6.0,10.0,0.0,10.0,5.0,9.0,10.0,6.0,0.0,5.0
subscription-tracker-ai-mcp,subscription-tracker-ai-mcp,True,1.0.5,1.0.5,2026-06-03T16:03:47.747362Z,486,349,True,fastmcp,4,4,100,362,True,True,False,True,False,False,False,False,,,,,59.0,41.0,True,6.0,10.0,0.0,10.0,5.0,6.0,10.0,10.0,2.0,0.0
time-tracker-ai-mcp,time-tracker-ai-mcp,True,1.0.5,1.0.5,2026-06-03T16:04:07.246096Z,484,251,True,fastmcp,4,4,100,382,True,True,False,True,False,False,True,False,,,,,61.0,39.0,True,6.0,10.0,0.0,10.0,5.0,6.0,10.0,10.0,2.0,2.0
aml-ai-mcp,aml-ai-mcp,True,1.0.5,1.0.5,2026-06-03T16:10:17.219101Z,484,268,True,fastmcp,7,7,100,352,False,True,True,True,False,False,True,True,,,,,59.0,41.0,True,6.0,10.0,0.0,4.0,5.0,9.0,10.0,6.0,2.0,7.0
webhook-ai-mcp,webhook-ai-mcp,True,1.0.4,1.0.4,2026-06-03T13:58:34.469114Z,472,266,True,fastmcp,5,5,100,394,True,True,False,True,False,False,False,True,,,,,63.0,37.0,True,6.0,10.0,0.0,10.0,5.0,6.0,10.0,10.0,2.0,4.0
basel-ai-overlay-mcp,basel-ai-overlay-mcp,True,1.0.5,1.0.5,2026-06-03T16:10:39.283080Z,454,252,True,fastmcp,7,7,100,354,False,True,True,True,False,False,True,True,,,,,59.0,41.0,True,6.0,10.0,0.0,4.0,5.0,9.0,10.0,6.0,2.0,7.0
yaml-ai-mcp,yaml-ai-mcp,True,1.0.5,1.0.4,2026-06-03T07:59:03.982628Z,416,260,False,fastmcp,0,0,0,325,True,True,False,True,False,False,True,False,,,,,41.0,59.0,True,6.0,0.0,0.0,10.0,5.0,6.0,3.0,7.0,2.0,2.0
survey-builder-ai-mcp,survey-builder-ai-mcp,True,1.0.4,1.0.4,2026-06-03T13:49:44.275577Z,405,272,True,fastmcp,4,4,100,375,True,True,False,True,False,False,False,False,,,,,59.0,41.0,True,6.0,10.0,0.0,10.0,5.0,6.0,10.0,10.0,2.0,0.0
agent-content-watermark-mcp,agent-content-watermark-mcp,True,1.1.3,1.1.3,2026-06-03T12:24:41.799066Z,399,267,True,fastmcp,6,6,100,561,True,True,True,True,False,False,True,True,,,,,59.0,41.0,True,6.0,10.0,0.0,6.0,5.0,9.0,10.0,6.0,0.0,7.0
agent-commerce-protocol-mcp,agent-commerce-protocol-mcp,True,1.0.3,1.0.3,2026-06-03T12:29:45.002878Z,397,273,True,fastmcp,7,7,100,696,True,True,True,True,False,True,True,True,,,,,69.0,31.0,True,10.0,10.0,4.0,6.0,5.0,9.0,10.0,6.0,0.0,9.0
uk-ai-act-mcp,uk-ai-act-mcp,True,1.0.4,1.0.4,2026-06-03T12:16:04.625499Z,390,250,True,fastmcp,5,5,100,744,True,True,False,True,False,False,False,False,,,,,69.0,31.0,True,10.0,10.0,10.0,10.0,5.0,6.0,10.0,6.0,2.0,0.0
supply-chain-mcp,supply-chain-mcp,True,1.0.4,1.0.4,2026-06-03T13:49:10.766821Z,379,253,True,fastmcp,5,5,100,371,True,True,False,True,False,False,False,False,,,,,61.0,39.0,True,8.0,10.0,4.0,10.0,5.0,6.0,10.0,6.0,2.0,0.0
agent-x402-paywall-mcp,agent-x402-paywall-mcp,True,1.0.3,1.0.3,2026-06-03T12:30:41.118995Z,372,372,True,fastmcp,6,6,100,441,True,True,True,True,False,True,True,True,,,,,61.0,39.0,True,6.0,10.0,0.0,6.0,5.0,9.0,10.0,6.0,0.0,9.0
cobol-bridge-mcp,cobol-bridge-mcp,True,1.1.4,1.1.4,2026-06-02T12:41:03.251108Z,371,155,True,fastmcp,5,5,100,358,False,True,True,True,False,False,True,False,,,,,55.0,45.0,True,6.0,10.0,0.0,4.0,5.0,10.0,10.0,6.0,2.0,2.0
trust-chain-mcp,trust-chain-mcp,True,1.0.4,1.0.4,2026-06-03T16:04:33.212967Z,363,236,True,fastmcp,5,5,100,441,True,True,False,True,False,False,False,True,,,,,65.0,35.0,True,8.0,10.0,0.0,10.0,5.0,6.0,10.0,10.0,2.0,4.0
meok-dpia-edpb-template-mcp,meok-dpia-edpb-template-mcp,True,1.0.4,1.0.4,2026-05-28T05:11:13.367422Z,323,57,True,fastmcp,5,5,100,638,True,True,False,True,False,False,True,True,,,,,60.0,40.0,True,8.0,10.0,0.0,6.0,5.0,6.0,10.0,6.0,2.0,7.0
meok-enterprise-compliance-checker,meok-enterprise-compliance-checker,True,1.0.2,1.0.2,2026-05-28T05:11:19.907597Z,293,43,True,lowlevel,0,0,0,617,True,True,False,True,False,False,False,False,,,,,41.0,59.0,False,8.0,0.0,0.0,6.0,5.0,6.0,8.0,6.0,2.0,0.0
meok-enterprise-compliance-suite,meok-enterprise-compliance-suite,True,1.0.2,1.0.2,2026-05-28T05:11:25.264580Z,292,36,True,fastmcp,8,8,100,469,False,True,False,True,False,False,False,True,,,,,57.0,43.0,True,10.0,10.0,4.0,0.0,5.0,6.0,10.0,6.0,2.0,4.0
meok-attestation-verify,meok-attestation-verify,True,1.0.3,1.0.3,2026-05-28T05:10:49.617701Z,285,50,False,,0,0,0,344,True,True,False,False,False,False,False,False,,,,,22.0,78.0,False,6.0,0.0,0.0,6.0,0.0,5.0,2.0,3.0,0.0,0.0
sbom-cyclonedx-mcp,sbom-cyclonedx-mcp,True,1.0.3,1.0.3,2026-05-28T05:18:28.745778Z,278,54,True,fastmcp,5,5,100,656,False,True,True,True,False,False,True,True,,,,,62.0,38.0,True,8.0,10.0,0.0,4.0,5.0,10.0,10.0,6.0,2.0,7.0
care-home-cqc-mcp,care-home-cqc-mcp,True,1.0.3,1.0.3,2026-06-02T20:56:03.859187Z,256,256,True,fastmcp,5,5,100,256,False,True,True,True,False,False,True,False,,,,,47.0,53.0,False,6.0,10.0,0.0,0.0,5.0,8.0,10.0,6.0,0.0,2.0
meok-rspca-aquaculture-mcp,meok-rspca-aquaculture-mcp,True,1.0.1,1.0.1,2026-05-28T05:12:30.626122Z,253,54,True,fastmcp,7,7,100,681,False,True,False,True,False,False,True,True,,,,,62.0,38.0,True,10.0,10.0,10.0,0.0,5.0,5.0,10.0,6.0,0.0,6.0
meok-asc-rspca-crosswalk-mcp,meok-asc-rspca-crosswalk-mcp,True,1.0.1,1.0.1,2026-05-28T05:10:44.257447Z,223,38,True,fastmcp,5,5,100,453,False,True,False,True,False,False,True,False,,,,,44.0,56.0,False,6.0,10.0,0.0,0.0,5.0,5.0,10.0,6.0,0.0,2.0
meok-aquaponics-monitor-mcp,meok-aquaponics-monitor-mcp,True,1.0.1,1.0.1,2026-05-28T05:10:38.998428Z,219,34,True,fastmcp,7,7,100,649,False,True,False,True,False,False,True,True,,,,,51.0,49.0,True,8.0,10.0,0.0,0.0,5.0,5.0,10.0,6.0,0.0,7.0
meok-uk-fhi-mcp,meok-uk-fhi-mcp,True,1.0.1,1.0.1,2026-05-28T05:12:44.290536Z,209,31,True,fastmcp,8,8,100,580,False,True,False,True,False,False,True,True,,,,,56.0,44.0,True,10.0,10.0,4.0,0.0,5.0,5.0,10.0,6.0,0.0,6.0
meok-laia-aquatic-mcp,meok-laia-aquatic-mcp,True,1.0.1,1.0.1,2026-05-28T05:12:00.545151Z,207,34,True,fastmcp,4,4,100,374,False,True,False,True,False,False,True,False,,,,,43.0,57.0,False,4.0,10.0,0.0,0.0,5.0,5.0,10.0,6.0,0.0,3.0
agent-incident-relay-mcp,agent-incident-relay-mcp,True,1.0.1,1.0.1,2026-05-28T04:53:44.831808Z,181,36,True,fastmcp,6,6,100,525,True,True,True,True,False,False,False,True,,,,,57.0,43.0,True,6.0,10.0,0.0,6.0,5.0,9.0,10.0,6.0,0.0,5.0
agent-token-budget-mcp,agent-token-budget-mcp,True,1.1.1,1.1.1,2026-05-31T14:31:18.232317Z,176,176,True,fastmcp,6,6,100,755,True,True,True,True,False,False,False,True,,,,,71.0,29.0,True,10.0,10.0,10.0,6.0,5.0,9.0,10.0,6.0,0.0,5.0
iso-42005-impact-mcp,iso-42005-impact-mcp,True,1.0.1,1.0.1,2026-06-03T12:13:45.958757Z,176,176,True,fastmcp,7,7,100,870,True,True,True,True,False,False,False,True,,,,,71.0,29.0,True,10.0,10.0,10.0,6.0,5.0,9.0,10.0,6.0,0.0,5.0
agent-cost-allocator-mcp,agent-cost-allocator-mcp,True,1.0.1,1.0.1,2026-05-28T04:53:12.032830Z,176,41,True,fastmcp,6,6,100,411,True,True,True,True,False,False,False,True,,,,,57.0,43.0,True,6.0,10.0,0.0,6.0,5.0,9.0,10.0,6.0,0.0,5.0
meok-stripe-acp-checkout-mcp,meok-stripe-acp-checkout-mcp,True,1.0.1,1.0.1,2026-06-03T13:37:23.257064Z,162,162,True,fastmcp,6,6,100,411,True,True,True,True,False,False,True,True,,,,,62.0,38.0,True,6.0,10.0,0.0,10.0,5.0,9.0,10.0,6.0,0.0,6.0
meok-w3c-tdm-rights-mcp,meok-w3c-tdm-rights-mcp,True,1.0.1,1.0.1,2026-06-03T13:38:01.477903Z,146,146,True,fastmcp,7,7,100,519,True,True,True,True,False,False,False,True,,,,,61.0,39.0,True,6.0,10.0,0.0,10.0,5.0,9.0,10.0,6.0,0.0,5.0
agent-mcp-router-mcp,agent-mcp-router-mcp,True,1.1.1,1.1.1,2026-05-31T14:30:29.613479Z,144,144,True,fastmcp,6,6,100,541,True,True,True,True,True,True,False,True,,,,,66.0,34.0,True,8.0,10.0,0.0,6.0,10.0,9.0,10.0,6.0,0.0,7.0
agent-replay-debugger-mcp,agent-replay-debugger-mcp,True,1.0.1,1.0.1,2026-05-31T14:31:09.999603Z,142,142,True,fastmcp,8,8,100,392,True,True,True,True,False,False,False,True,,,,,55.0,45.0,True,4.0,10.0,0.0,6.0,5.0,9.0,10.0,6.0,0.0,5.0
meok-mcp-test-mcp,meok-mcp-test-mcp,True,1.0.0,1.0.0,2026-06-03T13:36:44.359032Z,141,141,True,fastmcp,8,8,100,488,True,True,True,True,False,False,False,True,,,,,58.0,42.0,True,8.0,10.0,0.0,6.0,5.0,8.0,10.0,6.0,0.0,5.0
meok-governance-smithery,meok-governance-smithery,True,1.0.2,1.0.3,2026-05-08T03:54:57.562135Z,127,11,True,fastmcp,2,2,100,241,True,True,False,True,False,False,True,False,,,,,64.0,36.0,False,8.0,10.0,4.0,6.0,5.0,6.0,10.0,10.0,2.0,3.0
credential-manager-mcp,credential-manager-mcp,True,1.0.2,1.0.3,2025-06-17T12:36:36.480548Z,70,36,True,fastmcp,5,5,100,369,True,True,True,True,False,False,False,True,,,,,76.0,24.0,True,8.0,10.0,4.0,10.0,5.0,9.0,10.0,10.0,5.0,5.0
otp-ai-mcp,otp-ai-mcp,True,1.0.6,1.0.6,2026-05-28T05:15:07.965615Z,,,True,fastmcp,4,4,100,359,True,True,True,True,False,False,False,True,,,,,76.0,24.0,True,8.0,10.0,4.0,10.0,5.0,9.0,10.0,10.0,5.0,5.0
blockchain-verification-mcp,blockchain-verification-mcp,True,1.0.6,1.0.6,2026-05-28T04:57:31.298207Z,,,True,fastmcp,4,4,100,585,True,True,True,True,False,False,False,False,,,,,74.0,26.0,False,10.0,10.0,4.0,10.0,5.0,9.0,10.0,10.0,5.0,1.0
csv-analytics-mcp,csv-analytics-mcp,True,1.0.6,1.0.6,2026-05-28T05:01:53.889373Z,,,True,fastmcp,6,6,100,383,True,True,True,True,False,False,False,False,,,,,72.0,28.0,False,8.0,10.0,4.0,10.0,5.0,9.0,10.0,10.0,5.0,1.0
flashcard-ai-mcp,flashcard-ai-mcp,True,1.0.6,1.0.6,2026-05-28T05:05:37.791751Z,,,True,fastmcp,4,4,100,364,True,True,True,True,False,False,False,False,,,,,72.0,28.0,False,8.0,10.0,4.0,10.0,5.0,9.0,10.0,10.0,5.0,1.0
ip-network-ai-mcp,ip-network-ai-mcp,True,1.0.6,1.0.6,2026-05-28T05:08:10.233395Z,,,True,fastmcp,4,4,100,342,True,True,True,True,False,False,False,False,,,,,72.0,28.0,False,8.0,10.0,4.0,10.0,5.0,9.0,10.0,10.0,5.0,1.0
pdf-tools-ai-mcp,pdf-tools-ai-mcp,True,1.0.6,1.0.6,2026-05-28T05:15:47.780854Z,,,True,fastmcp,4,4,100,351,True,True,True,True,False,False,False,False,,,,,72.0,28.0,False,8.0,10.0,4.0,10.0,5.0,9.0,10.0,10.0,5.0,1.0
slugify-ai-mcp,slugify-ai-mcp,True,1.0.6,1.0.6,2026-05-28T05:19:34.256843Z,,,True,fastmcp,4,4,100,352,True,True,True,True,False,False,False,False,,,,,72.0,28.0,False,8.0,10.0,4.0,10.0,5.0,9.0,10.0,10.0,5.0,1.0
meok-mcp-hardening-mcp,meok-mcp-hardening-mcp,False,1.0.0,1.0.0,,,,True,fastmcp,7,7,100,666,True,True,True,True,True,False,True,True,,,,,69.0,31.0,True,10.0,10.0,4.0,6.0,10.0,8.0,8.0,6.0,0.0,7.0
bft-progress-council-mcp,bft-progress-council-mcp,True,1.1.3,1.1.3,2026-06-03T12:32:23.252937Z,,,True,fastmcp,6,6,100,1327,True,True,True,True,False,False,True,True,,,,,67.0,33.0,True,10.0,10.0,4.0,6.0,5.0,9.0,10.0,6.0,0.0,7.0
meok-x402-wrap-mcp,meok-x402-wrap-mcp,False,1.0.1,1.0.1,,,,True,fastmcp,6,6,100,382,True,True,True,True,False,True,False,True,,,,,65.0,35.0,True,4.0,10.0,6.0,10.0,5.0,9.0,8.0,6.0,0.0,7.0
video-editing-ai-mcp,video-editing-ai-mcp,True,1.0.4,1.0.4,2026-06-03T13:56:25.575624Z,,,True,fastmcp,5,5,100,367,True,True,False,True,False,False,False,False,,,,,65.0,35.0,False,8.0,10.0,4.0,10.0,5.0,6.0,10.0,10.0,2.0,0.0
meok-coinbase-x402-receipt-mcp,meok-coinbase-x402-receipt-mcp,False,1.0.1,1.0.1,,,,True,fastmcp,6,6,100,466,True,True,True,True,False,True,True,True,,,,,63.0,37.0,True,6.0,10.0,0.0,10.0,5.0,9.0,8.0,6.0,0.0,9.0
meok-abci-bridge-mcp,meok-abci-bridge-mcp,False,1.0.0,1.0.0,,,,True,fastmcp,8,8,100,591,True,True,True,True,False,False,False,True,,,,,62.0,38.0,True,10.0,10.0,4.0,6.0,5.0,8.0,8.0,6.0,0.0,5.0
meok-ap2-mandate-mcp,meok-ap2-mandate-mcp,False,1.0.1,1.0.1,,,,True,fastmcp,7,7,100,533,True,True,True,True,False,True,True,True,,,,,62.0,38.0,True,6.0,10.0,0.0,10.0,5.0,9.0,8.0,6.0,0.0,8.0
summarizer-ai-mcp,summarizer-ai-mcp,True,1.0.6,1.0.6,2026-06-03T13:48:37.736322Z,,,True,fastmcp,4,4,100,342,True,True,False,True,False,False,True,False,,,,,61.0,39.0,False,6.0,10.0,0.0,10.0,5.0,6.0,10.0,10.0,2.0,2.0
tax-calculator-ai-mcp,tax-calculator-ai-mcp,True,1.0.4,1.0.4,2026-06-03T13:50:17.081699Z,,,True,fastmcp,5,5,100,402,True,True,False,True,False,False,False,False,,,,,61.0,39.0,False,8.0,10.0,0.0,10.0,5.0,6.0,10.0,10.0,2.0,0.0
cisa-kev-mcp,cisa-kev-mcp,False,1.0.3,1.0.3,,,,True,fastmcp,5,5,100,424,False,True,True,True,False,False,True,True,,,,,60.0,40.0,True,8.0,10.0,0.0,4.0,5.0,10.0,8.0,6.0,2.0,7.0
mitre-attack-mcp,mitre-attack-mcp,False,1.0.3,1.0.3,,,,True,fastmcp,5,5,100,413,False,True,True,True,False,False,True,True,,,,,60.0,40.0,True,8.0,10.0,0.0,4.0,5.0,10.0,8.0,6.0,2.0,7.0
fsa-food-safety-mcp,fsa-food-safety-mcp,True,1.0.5,1.0.5,2026-06-03T12:40:10.617763Z,,,True,fastmcp,7,7,100,352,False,True,True,True,False,False,True,True,,,,,59.0,41.0,True,6.0,10.0,0.0,4.0,5.0,9.0,10.0,6.0,2.0,7.0
meok-agents-md-lint-mcp,meok-agents-md-lint-mcp,False,1.0.1,1.0.1,,,,True,fastmcp,6,6,100,465,True,True,True,True,False,False,False,True,,,,,59.0,41.0,True,6.0,10.0,0.0,10.0,5.0,9.0,8.0,6.0,0.0,5.0
meok-c2pa-durable-mcp,meok-c2pa-durable-mcp,False,1.0.1,1.0.1,,,,True,fastmcp,6,6,100,425,True,True,True,True,False,False,False,True,,,,,59.0,41.0,True,6.0,10.0,0.0,10.0,5.0,9.0,8.0,6.0,0.0,5.0
meok-eu-aia-art-9-rms-mcp,meok-eu-aia-art-9-rms-mcp,False,1.0.1,1.0.1,,,,True,fastmcp,8,8,100,493,True,True,True,True,False,False,False,True,,,,,59.0,41.0,True,6.0,10.0,0.0,10.0,5.0,9.0,8.0,6.0,0.0,5.0
meok-eu-aigc-icon-mcp,meok-eu-aigc-icon-mcp,False,1.0.1,1.0.1,,,,True,fastmcp,8,8,100,442,True,True,True,True,False,False,False,True,,,,,59.0,41.0,True,6.0,10.0,0.0,10.0,5.0,9.0,8.0,6.0,0.0,5.0
meok-ev-recall-transport-mcp,meok-ev-recall-transport-mcp,True,1.0.0,1.0.0,2026-06-06T08:00:28.894792Z,,,True,fastmcp,8,8,100,461,True,True,False,True,False,False,False,True,,,,,59.0,41.0,True,10.0,10.0,4.0,6.0,5.0,3.0,10.0,6.0,0.0,5.0
meok-mcp-cardgen-mcp,meok-mcp-cardgen-mcp,False,1.0.1,1.0.1,,,,True,fastmcp,7,7,100,414,True,True,True,True,False,False,False,True,,,,,59.0,41.0,True,6.0,10.0,0.0,10.0,5.0,9.0,8.0,6.0,0.0,5.0
meok-vehicle-handover-mcp,meok-vehicle-handover-mcp,True,1.0.0,1.0.0,2026-06-06T08:05:19.700804Z,,,True,fastmcp,8,8,100,462,True,True,False,True,False,False,False,True,,,,,59.0,41.0,True,10.0,10.0,4.0,6.0,5.0,3.0,10.0,6.0,0.0,5.0
translator-pro-ai-mcp,translator-pro-ai-mcp,True,1.0.4,1.0.4,2026-06-03T13:53:06.758933Z,,,True,fastmcp,4,4,100,348,True,True,False,True,False,False,False,False,,,,,59.0,41.0,False,6.0,10.0,0.0,10.0,5.0,6.0,10.0,10.0,2.0,0.0
mcp-spec-compliance-mcp,mcp-spec-compliance-mcp,False,1.0.1,1.0.1,,,,True,fastmcp,6,6,100,394,True,True,True,True,True,False,False,True,,,,,58.0,42.0,True,4.0,10.0,0.0,6.0,10.0,9.0,8.0,6.0,0.0,5.0
coppa-ferpa-mcp,coppa-ferpa-mcp,False,1.0.3,1.0.3,,,,True,fastmcp,7,7,100,357,False,True,True,True,False,False,True,True,,,,,57.0,43.0,True,6.0,10.0,0.0,4.0,5.0,9.0,8.0,6.0,2.0,7.0
meok-allmi-hiab-mcp,meok-allmi-hiab-mcp,False,1.0.0,1.0.0,,,,True,fastmcp,8,8,100,609,True,True,False,True,False,False,False,True,,,,,57.0,43.0,True,10.0,10.0,4.0,6.0,5.0,3.0,8.0,6.0,0.0,5.0
meok-cpa-contract-lift-mcp,meok-cpa-contract-lift-mcp,False,1.0.0,1.0.0,,,,True,fastmcp,8,8,100,631,True,True,False,True,False,False,False,True,,,,,57.0,43.0,True,10.0,10.0,4.0,6.0,5.0,3.0,8.0,6.0,0.0,5.0
meok-dvsa-olicence-mcp,meok-dvsa-olicence-mcp,False,1.0.0,1.0.0,,,,True,fastmcp,9,9,100,574,True,True,False,True,False,False,False,True,,,,,57.0,43.0,True,10.0,10.0,4.0,6.0,5.0,3.0,8.0,6.0,0.0,5.0
meok-fors-clocs-mcp,meok-fors-clocs-mcp,False,1.0.0,1.0.0,,,,True,fastmcp,9,9,100,553,True,True,False,True,False,False,False,True,,,,,57.0,43.0,True,10.0,10.0,4.0,6.0,5.0,3.0,8.0,6.0,0.0,5.0
meok-tacho-audit-mcp,meok-tacho-audit-mcp,True,1.0.0,1.0.0,2026-06-06T08:01:29.741028Z,,,True,fastmcp,10,10,100,376,True,True,False,True,False,False,False,True,,,,,57.0,43.0,True,8.0,10.0,4.0,6.0,5.0,3.0,10.0,6.0,0.0,5.0
oasf-agent-directory-mcp,oasf-agent-directory-mcp,False,1.0.1,1.0.1,,,,True,fastmcp,7,7,100,366,True,True,True,True,False,True,True,True,,,,,57.0,43.0,True,4.0,10.0,0.0,6.0,5.0,9.0,8.0,6.0,0.0,9.0
sigstore-cosign-mcp,sigstore-cosign-mcp,False,1.0.3,1.0.3,,,,True,fastmcp,5,5,100,336,False,True,True,True,False,False,True,True,,,,,57.0,43.0,True,6.0,10.0,0.0,4.0,5.0,9.0,8.0,6.0,2.0,7.0
slsa-supply-chain-mcp,slsa-supply-chain-mcp,False,1.0.3,1.0.3,,,,True,fastmcp,5,5,100,345,False,True,True,True,False,False,True,True,,,,,57.0,43.0,True,6.0,10.0,0.0,4.0,5.0,9.0,8.0,6.0,2.0,7.0
meok-nis2-nl-register-mcp,meok-nis2-nl-register-mcp,False,1.0.1,1.0.1,,,,True,fastmcp,5,5,100,389,True,True,True,True,False,False,False,True,,,,,56.0,44.0,True,4.0,10.0,0.0,10.0,5.0,9.0,8.0,6.0,0.0,4.0
eudi-wallet-mcp,eudi-wallet-mcp,False,1.0.1,1.0.1,,,,True,fastmcp,8,8,100,424,True,True,True,True,False,False,False,True,,,,,55.0,45.0,True,6.0,10.0,0.0,6.0,5.0,9.0,8.0,6.0,0.0,5.0
korea-ai-basic-act-mcp,korea-ai-basic-act-mcp,False,1.0.1,1.0.1,,,,True,fastmcp,7,7,100,541,True,True,True,True,False,False,False,True,,,,,55.0,45.0,True,6.0,10.0,0.0,6.0,5.0,9.0,8.0,6.0,0.0,5.0
meok-aaif-agent-card-mcp,meok-aaif-agent-card-mcp,False,1.0.1,1.0.1,,,,True,fastmcp,7,7,100,454,True,True,True,True,False,False,False,True,,,,,54.0,46.0,True,6.0,10.0,0.0,6.0,5.0,9.0,8.0,6.0,0.0,4.0
meok-cra-art14-reporter-mcp,meok-cra-art14-reporter-mcp,False,1.0.1,1.0.1,,,,True,fastmcp,7,7,100,466,True,True,True,True,False,False,False,True,,,,,54.0,46.0,True,6.0,10.0,0.0,6.0,5.0,9.0,8.0,6.0,0.0,4.0
meok-libp2p-agent-mesh-mcp,meok-libp2p-agent-mesh-mcp,False,1.0.0,1.0.0,,,,True,fastmcp,10,10,100,637,True,True,True,True,False,True,False,False,,,,,52.0,48.0,False,8.0,10.0,0.0,6.0,5.0,6.0,8.0,6.0,0.0,3.0
meok-bs7121-mcp,meok-bs7121-mcp,True,1.0.0,1.0.0,2026-06-06T08:02:35.826171Z,,,True,fastmcp,10,10,100,364,True,True,False,True,False,False,False,True,,,,,51.0,49.0,True,6.0,10.0,0.0,6.0,5.0,3.0,10.0,6.0,0.0,5.0
meok-koikeeper-ai-mcp,meok-koikeeper-ai-mcp,False,1.0.1,1.0.1,,,,True,fastmcp,6,6,100,451,False,True,False,True,False,False,False,False,,,,,48.0,52.0,False,10.0,10.0,4.0,0.0,5.0,4.0,8.0,6.0,0.0,1.0
meok-law-mcp,meok-law-mcp,False,1.1.0,1.1.0,,,,True,fastmcp,5,5,100,467,False,True,False,True,False,False,False,False,,,,,46.0,54.0,False,8.0,10.0,6.0,0.0,5.0,3.0,8.0,6.0,0.0,0.0
dispense-record-mcp,dispense-record-mcp,False,1.0.2,1.0.2,,,,True,fastmcp,5,5,100,247,False,True,False,True,False,False,True,False,,,,,42.0,58.0,False,6.0,10.0,0.0,0.0,5.0,5.0,8.0,6.0,0.0,2.0
domiciliary-care-mcp,domiciliary-care-mcp,False,1.0.2,1.0.2,,,,True,fastmcp,5,5,100,253,False,True,False,True,False,False,True,False,,,,,42.0,58.0,False,6.0,10.0,0.0,0.0,5.0,5.0,8.0,6.0,0.0,2.0
gos-claim-validator-mcp,gos-claim-validator-mcp,False,1.0.2,1.0.2,,,,True,fastmcp,5,5,100,269,False,True,False,True,False,False,True,False,,,,,42.0,58.0,False,6.0,10.0,0.0,0.0,5.0,5.0,8.0,6.0,0.0,2.0
mhra-samd-optometry-mcp,mhra-samd-optometry-mcp,False,1.0.2,1.0.2,,,,True,fastmcp,5,5,100,259,False,True,False,True,False,False,True,False,,,,,42.0,58.0,False,6.0,10.0,0.0,0.0,5.0,5.0,8.0,6.0,0.0,2.0
optical-care-home-bridge-mcp,optical-care-home-bridge-mcp,False,1.0.2,1.0.2,,,,True,fastmcp,5,5,100,258,False,True,False,True,False,False,True,False,,,,,42.0,58.0,False,6.0,10.0,0.0,0.0,5.0,5.0,8.0,6.0,0.0,2.0
firmware-attestation-mcp,firmware-attestation-mcp,False,1.0.0,1.0.0,,,,True,fastmcp,5,5,100,151,False,True,False,True,False,False,False,True,,,,,41.0,59.0,True,6.0,10.0,0.0,0.0,5.0,2.0,8.0,6.0,0.0,4.0
cqc-compliance-mcp,cqc-compliance-mcp,False,1.0.1,1.0.1,,,,True,fastmcp,2,2,100,0,False,True,False,True,False,False,False,False,,,,,33.0,67.0,False,0.0,10.0,0.0,0.0,5.0,4.0,8.0,6.0,0.0,0.0
optometry-patient-mcp,optometry-patient-mcp,False,1.0.1,1.0.1,,,,True,fastmcp,4,4,100,140,False,False,False,True,False,False,False,False,,,,,32.0,68.0,False,4.0,10.0,0.0,0.0,5.0,2.0,8.0,3.0,0.0,0.0
care-home-scheduling-mcp,care-home-scheduling-mcp,False,1.0.1,1.0.1,,,,True,fastmcp,2,2,100,0,False,False,False,True,False,False,False,False,,,,,28.0,72.0,False,0.0,10.0,0.0,0.0,5.0,2.0,8.0,3.0,0.0,0.0
nhs-gos-claims-mcp,nhs-gos-claims-mcp,False,1.0.1,1.0.1,,,,True,fastmcp,3,3,100,0,False,False,False,True,False,False,False,False,,,,,28.0,72.0,False,0.0,10.0,0.0,0.0,5.0,2.0,8.0,3.0,0.0,0.0
meok-uk-adm-article22c-mcp,meok-uk-adm-article22c-mcp,False,1.0.1,1.0.1,,,,False,,0,0,0,493,False,True,False,False,False,False,False,False,,,,,21.0,79.0,False,10.0,0.0,4.0,0.0,0.0,4.0,0.0,3.0,0.0,0.0
meok-drcf-agent-crosswalk-mcp,meok-drcf-agent-crosswalk-mcp,False,1.0.1,1.0.1,,,,False,,0,0,0,554,False,True,False,False,False,False,False,False,,,,,15.0,85.0,False,8.0,0.0,0.0,0.0,0.0,4.0,0.0,3.0,0.0,0.0
