Subject,Platform Name,Platform URL,Platform Status,Production Readiness %,Key Features,Target Market,Value Proposition,Critical Gaps,Revenue Potential,Strategic Priority,Next Action,Error
councilof.ai - AI Safety governance platform,CouncilOf.AI,https://councilof.ai/,Pre-Launch,20,"Democratic AI Governance (12 specialized AIs voting), Ensemble Learning (8 advanced methods), Blockchain Verification, Developer-first API & SDK, EU AI Act Compliance","B2B and Government organizations requiring transparent, compliant AI governance","It provides a transparent, democratic, and verifiable AI governance layer to ensure ethical and compliant decision-making for enterprises and governments.","Platform is pre-launch/waitlist, full 12-AI Council is not live, pricing/monetization model is opaque",£10K-£30K,High,Launch the MVP with a minimum of 3 Council AIs to begin securing early enterprise clients,
proofof.ai - TC260 compliance platform,proofof.ai,https://proofof.ai,Live,60,"Deepfake Detection (99.9% accuracy), 12 AI Verification Engines (Council of AIs), Blockchain-anchored proof of authenticity, EU AI Act & NIST AI RMF Compliance, Developer-First API & SDK","Enterprises and organizations requiring content authenticity verification and AI compliance (e.g., media, legal, finance)","ProofOf.ai provides the world's most accurate deepfake detection and content authenticity verification, powered by a 12-engine AI Council and blockchain technology, ensuring compliance with standards like the EU AI Act and NIST AI RMF.","Non-functional ""Quick Verify Demo"" (NaN% confidence), Lack of live, verifiable proof of 99.9% accuracy, Only image/text verification is currently live (video/audio coming Q1 2025)",£5K-£30K,High,"Fix the non-functional ""Quick Verify Demo"" to provide a compelling, verifiable proof of concept for potential customers",
safetyof.ai - Consumer AI safety app,CouncilOf.AI,https://safetyof.ai,Pre-Launch,65,"Democratic AI Governance, Blockchain Verified Transparency, AGI/ASI Safety Protocols, EU AI Act Compliance, Ensemble Learning Suite","Enterprise-grade organizations focused on AI governance, safety, and regulatory compliance","The Council of 12 AIs provides enterprise-grade, blockchain-verified democratic AI governance to future-proof organizations against AGI/ASI risks and regulatory non-compliance.","No live product for testing, Mismatch between ""Consumer App"" task and Enterprise focus, High-end pricing requires significant sales cycle",£10K-£30K,High,Develop and launch a functional API for the core Council of AIs service to enable pilot testing and demos,
asisecurity.ai - AI security platform,Council of AI (asisecurity.ai),https://asisecurity.ai,Pre-Launch,10,"Democratic AI Governance, Blockchain Verified Voting, Real LLM Integration, EU AI Act Compliance, AGI/ASI Future-Proofing",Enterprise AI developers and Chief AI Safety Officers (CAISOs) in regulated industries,"Council of AI provides democratic, blockchain-verified AI governance to future-proof organizations against AGI risks and regulatory non-compliance.","No live functionality to test, pricing is speculative, no clear path to live product, ""Council of 12 AIs"" is an outdated concept based on user's current strategy",£0-£5K,High,"Update the platform to reflect the current ""Council of 33 AIs"" strategy and implement a live demo or MVP functionality",
transparencyof.ai - AI transparency platform,CouncilOf.AI,https://transparencyof.ai,MVP (Manus),10,"Democratic AI Governance (Council of 12 AIs), Blockchain-Verified Transparency, Ensemble Learning (GPT-4, Claude, Gemini), EU AI Act Compliance, AGI/ASI Safety Protocols",Large enterprises and government agencies requiring advanced AI governance and regulatory compliance,"It future-proofs organizations with the world's most advanced, democratic, and blockchain-verified AI governance system to ensure safety and regulatory compliance.","No live product or interactive demo, High price points not justified by static page, Branding confusion (Council of 12 vs. Council of 13)",£5K-£10K,High,"Develop a functional, interactive MVP demo of the Council of 12 AIs voting process to justify the high price point.",
accountabilityof.ai - AI accountability platform,Council of 12 AIs,https://accountabilityof.ai/,Live,85,"Democratic AI Governance, Blockchain Verified Voting, Multi-LLM Ensemble Learning, EU AI Act Compliance, AGI/ASI Safety Protocols",Enterprise-level organizations and government agencies requiring advanced AI governance and regulatory compliance,"It solves the problem of ensuring safe, compliant, and democratically governed AI systems for large enterprises and governments.","No live product or interactive demo, Conversion funnels lead to generic contact form, Confusing product/domain naming convention",£50K-£150K,High,"Develop a functional MVP or a dedicated, interactive demo environment for the Council of 12 AIs",
biasdetectionof.ai - Bias detection platform,Council of 12 AIs,https://biasdetectionof.ai,Live,70,"Democratic AI Governance, Blockchain Verified Voting, Real LLM Integration (GPT-4, Claude, Gemini), Enterprise-Grade AI Safety, EU AI Act Compliant","Enterprise-Grade AI Safety, Fortune 500 Companies, Government Agencies, AI Research Labs, Healthcare Providers",The platform provides democratic AI governance through a council of 12 specialized AIs to future-proof organizations with advanced AI safety and compliance.,"No demonstrable product/API to test, highly conceptual, high price point for an unproven service",£5K-£15K,Medium,"Develop a functional demo or sandbox environment for the ""Bias Detector"" component to prove the core technology",
dataprivacyof.ai - Data privacy platform,Council of 12 AIs,https://dataprivacyof.ai/,Pre-Launch,30,"Democratic AI Governance, Blockchain Verified, Real LLM Integration, Enterprise-Grade AI Safety, EU AI Act Compliance",Enterprise-grade organizations and AI research labs focused on AI safety and governance,"It provides the world's most advanced, democratic, and blockchain-verified AI governance system to future-proof organizations against AI safety and compliance risks.","No functional product demo, domain name mismatch with product name, high pricing not justified by demonstrable functionality",£5K-£15K,High,"Develop a functional, interactive demo or MVP of the ""Council"" interface to validate the core concept and justify the high pricing",
ethicalgovernanceof.ai - Ethical governance platform,Council of 12 AIs,https://ethicalgovernanceof.ai,Pre-Launch,50,"Democratic Governance (12 AIs), Blockchain Verified Transparency, Real LLM Integration (GPT-4, Claude, Gemini), EU AI Act Compliance, AGI/ASI Future-Proofing","Large enterprises and government agencies requiring advanced, verifiable AI governance and safety solutions","It provides enterprise-grade, democratically governed, and blockchain-verified AI safety and compliance to future-proof organizations against AGI/ASI risks and regulatory changes.","Lack of live product demonstration, High-friction sales process (no self-service), Abstract product concept requires more concrete proof",£2K-£25K,High,"Develop a publicly accessible, interactive demo or sandbox environment to validate the core ""Council of 12 AIs"" concept",
agisafe.ai - AGI safety platform,Council of 12 AIs,https://agisafe.ai,Pre-Launch,10,"Democratic Governance, Deepfake Detection, AGI Risk Assessment, Jabulon's Law Enforcement, EU AI Act Compliance","Large enterprises and government agencies requiring advanced AI governance, AGI safety, and EU AI Act compliance","It provides democratic, blockchain-verified AI governance through an ensemble of specialized AIs to future-proof organizations against AGI/ASI risks and regulatory non-compliance.","Lack of a functional Minimum Viable Product (MVP), High-friction sales model (no self-service), Inconsistency in the number of AIs (12 vs 13 in case study)",£2K-£8K,High,"Develop a functional Minimum Viable Product (MVP) for the core ""Council"" voting mechanism to validate the architecture and secure initial enterprise pilots",
jabulon.ai - AI safety R&D platform,Jabulon.ai,https://jabulon.ai,Down,,"AI Model Auditing, Bias Detection and Mitigation, Ethical AI Governance Tools, R&D Collaboration Platform","AI development companies, regulatory bodies, and academic research institutions focused on AI safety",It provides a centralized platform for research and development of robust AI safety and ethical governance frameworks.,"Platform is inaccessible (DNS error), No visible product or features, Lack of clear public documentation",£5K-£10K,High,Resolve DNS resolution error and bring the platform back online,
suicidestop.ai - Mental health intervention platform,CouncilOf.AI,https://suicidestop.ai,Pre-Launch,30,"Democratic AI Governance, Blockchain Verified, Real LLM Integration, Enterprise-Grade AI Safety, EU AI Act Compliance","Large enterprises, government agencies, and AI research labs requiring advanced, compliant AI governance solutions","It future-proofs an organization's AI strategy by providing the world's most advanced, democratic, and blockchain-verified AI governance system.","Domain/Brand Mismatch, No Product Demo/Proof of Concept, High Price for Pre-Launch",£5K-£15K,High,Redirect suicidestop.ai to councilof.ai and launch a functional product demo/MVP,
grabhire.ai - Equipment rental SaaS,GrabHire.ai,https://grabhire.ai/,MVP (Manus),70,"AI-powered instant quotes, Digital Waste Transfer Notes (DWT Ready), Driver Mobile App, Compliance Automation, Real-Time Dispatch",Grab hire operators and fleet managers in the United Kingdom,"GrabHire.ai is a complete SaaS platform that automates compliance, pricing, and dispatch for grab hire operators in the United Kingdom.","Lack of live booking functionality, non-functional top-level navigation links (AI Tools, Software), UK-only market scope",£2K-£8K,High,Implement the live booking and payment processing flow for the customer side,
muckaway.ai - Waste management SaaS,MuckAway.ai,https://muckaway.ai,Live,80,"AI Spoil Classification, Instant Carrier Quotes, Auto-Compliance Docs, Multi-Region/Multi-Framework Support, Fleet Management/Job Tracking","Construction companies, waste carriers, and recycling facilities in the UK and globally","MuckAway.ai is the complete AI-powered platform that handles construction waste and spoil management from quote to disposal, ensuring compliance and efficiency with zero paperwork.","Currency/Localization Bug (USD quote for UK postcode), Photo Upload Functionality is non-functional, Lack of visible carrier/recycling facility onboarding process",£30K-£50K,High,Fix the critical currency/localization bug to ensure quotes are in GBP for UK postcodes,
landlaw.ai - Legal compliance platform,LandLaw.ai,https://landlaw.ai,Live,75,"AI-Powered Legal Assistant, County-Specific Guidance, Real-Time Updates, Document Insights","Legal professionals, planning consultants, architects, and property developers","It provides instant, county-specific guidance on planning applications, building regulations, and land development with AI precision.","Non-functional AI demo, Lack of clear geographical scope on homepage, Prominent legal disclaimer needed",£10K-£30K,High,Fix the non-functional AI demo to allow for full feature testing and user onboarding,
optimobile.ai - Fleet management SaaS,OptiMobile,https://optimobile.ai,Live,85,"AI-Powered Scheduling & Route Optimization, Cloud-Based EHR, Automated NHS GOS Claims & Billing, Offline Mobile App",Domiciliary and independent optometry practices in the UK (NHS focus),"OptiMobile is the all-in-one, AI-powered, mobile-first practice management and EHR software that streamlines workflows and automates NHS GOS claims for optometry professionals.","Overly narrow focus on domiciliary care, Lack of a clear public product demo, UK-centric pricing and NHS GOS focus",£15K-£30K,High,"Implement the strategic pivot to broaden the website's focus to general opticians, clearly presenting mobile as a feature, not the sole market",
fishkeeper.ai - Aquarium management SaaS,FishKeeper.ai,https://fishkeeper.ai,Live,85,"AI Disease Detection, 24/7 AI Expert Chat, Multi-Tank Management, White-Label API",Aquarium hobbyists and commercial fish stores/breeders,FishKeeper.ai provides AI-powered fish disease diagnosis with 98% accuracy in 60 seconds to prevent fish loss and reduce treatment costs.,"Core features unverified due to sign-in wall, inconsistent currency display, extensive feature list unverified",£10K-£25K,High,Implement Rewardful affiliate system and fix currency display inconsistency,
koikeeper.ai - Koi pond management SaaS,KoiKeeper.ai,https://koikeeper.ai,Live,95,"AI-Powered Health Analysis, Natural Language Pond Management (AI Chat), Gamified Maintenance Tracking, Koi Variety ID and Quality Scoring, Complete Pond Dashboard","Serious koi hobbyists, enthusiasts, and professional breeders/collectors","KoiKeeper.ai provides a complete AI-powered koi pond management system, replacing manual tracking and providing expert-level health and quality analysis for a fraction of the cost of a human consultant.","Seasonal market timing (Koi is out of season), Limited free AI tokens, Need to integrate Rewardful affiliate system",£5K-£10K,Medium,Implement the Rewardful affiliate system on koikeeper.ai to align with the monetization strategy for aquatic platforms.,
pokerhud.ai - Poker analytics SaaS,PokerHUD.ai,https://pokerhud.ai/,Pre-Launch,70,"Cloud-synced Mobile HUD, AI Coaching & Session Recaps, Automatic Compliance, Leak-fixing Practice Drills, Creator Mode","Online poker players (recreational to semi-pro) seeking a modern, compliant, AI-driven Heads-Up Display (HUD) and coaching solution","PokerHUD.ai provides a modern, cloud-synced, and AI-powered Heads-Up Display and coaching platform that helps online poker players improve their win rate while ensuring compliance with poker room rules","Pricing page is non-functional, Demo video is missing, Product is marketed as ""Built for 2026"" suggesting a future launch date",£10K-£30K,High,Fix the broken /pricing page and upload the 90-second demo video,
planthire.ai - Plant rental SaaS,PlantHire.ai,https://planthire.ai,Live,85,"AI-Powered Equipment Matching, Complete Fleet Management SaaS, Automated Compliance & Maintenance, Instant Accurate Quotes, Secure Booking & GPS Tracking",B2B construction contractors and plant hire companies,"PlantHire.ai is an AI-powered marketplace and SaaS platform that automates equipment matching, booking, compliance, and fleet management for construction contractors and plant hire companies, promising 20% lower costs and 37% revenue increase.","Limited supplier/country network (1 of each), Incomplete localization (mixed English/Spanish UI), Core AI is a highly convincing demo, not a live transaction",£25K-£75K,High,Focus all sales and marketing efforts on onboarding a minimum of 10 verified plant hire companies in the primary target region (UK or US) to validate the marketplace model,
loopfactory.ai - AI agent platform,LoopFactory.ai,https://loopfactory.ai,Pre-Launch,40,"AI Agent Marketplace, No-code Agent Builder, Instant 30-second Agent Deployment, Monetization for Agent Creators","Businesses and individuals seeking specialized, no-code AI agents for niche industry automation","LoopFactory.ai provides an instant, no-code marketplace for specialized AI agents, drastically reducing the time and cost of deploying AI solutions.","Empty agent marketplace, unverified agent builder functionality, lack of a clear, live demo agent",£3K-£10K,High,"Deploy the user's existing portfolio of niche AI agents (e.g., Plant Hire AI, OptiMobile AI) to the LoopFactory.ai marketplace",
commercialvehicle.ai - Vehicle management SaaS,CommercialVehicle.AI,https://commercialvehicle.ai,Pre-Launch,30,"Smart Marketplace, Fleet Analytics, AI-Powered Intelligence, Secure Transactions, Global Network",Fleet managers and dealers (SMBs to enterprise fleets),"The platform allows users to buy, sell, and manage commercial vehicles globally with intelligent insights, all in one AI-powered platform.","Core SaaS functionality is inaccessible/untested, Landing page search functionality is non-functional, Platform is currently a marketing shell with a login wall",£20K-£50K,High,"Implement and test the core SaaS features (Marketplace, Fleet Analytics, AI Tools) and open them for public beta or demo",
valuationof.ai - IP valuation platform,valuationof.ai,https://valuationof.ai,Down,,"AI-powered IP valuation, Patent analysis, Brand value assessment, Valuation report generation","Intellectual property holders, startups, investors, and M&A professionals seeking IP valuation","It provides an AI-driven, real-time valuation of intellectual property assets to inform strategic business decisions.","Domain name not resolving (net::ERR_NAME_NOT_RESOLVED), Platform is inaccessible, No visible features to test",£10K-£30K,High,Investigate and resolve DNS resolution failure for valuationof.ai to bring the platform online,
